Section,Sub Section,Index Name,SMM Code,Column Name,Currency,Unit,Source URL,Active,Review Status,Fixed Graph,Dropdown Graph
Primary Aluminium,,96%Al Secondary Aluminum Ingots CIF Nansha Port China,SMM-AL-UI-004,96%Al Secondary Aluminum Ingots CIF Nansha Port China (USD/t),USD,t,https://www.metal.com/Aluminum?currency_type=2,True,Pending,NO,YES
Primary Aluminium,,96%Al Secondary Aluminum Ingots CIF Ningbo Port China,SMM-AL-UI-001,96%Al Secondary Aluminum Ingots CIF Ningbo Port China (USD/t),USD,t,https://www.metal.com/Aluminum?currency_type=2,True,Pending,NO,YES
Primary Aluminium,,96%Al Secondary Aluminum Ingots CIF Qingdao Port China,SMM-AL-UI-003,96%Al Secondary Aluminum Ingots CIF Qingdao Port China (USD/t),USD,t,https://www.metal.com/Aluminum?currency_type=2,True,Pending,NO,YES
Primary Aluminium,,96%Al Secondary Aluminum Ingots CIF Qinzhou Port China,SMM-AL-UI-002,96%Al Secondary Aluminum Ingots CIF Qinzhou Port China (USD/t),USD,t,https://www.metal.com/Aluminum?currency_type=2,True,Pending,NO,YES
Primary Aluminium,,98%Al Secondary Aluminum Ingots CIF Nansha Port China,SMM-AL-UI-008,98%Al Secondary Aluminum Ingots CIF Nansha Port China (USD/t),USD,t,https://www.metal.com/Aluminum?currency_type=2,True,Pending,NO,YES
Primary Aluminium,,98%Al Secondary Aluminum Ingots CIF Ningbo Port China,SMM-AL-UI-005,98%Al Secondary Aluminum Ingots CIF Ningbo Port China (USD/t),USD,t,https://www.metal.com/Aluminum?currency_type=2,True,Pending,NO,YES
Primary Aluminium,,98%Al Secondary Aluminum Ingots CIF Qingdao Port China,SMM-AL-UI-007,98%Al Secondary Aluminum Ingots CIF Qingdao Port China (USD/t),USD,t,https://www.metal.com/Aluminum?currency_type=2,True,Pending,NO,YES
Primary Aluminium,,98%Al Secondary Aluminum Ingots CIF Qinzhou Port China,SMM-AL-UI-006,98%Al Secondary Aluminum Ingots CIF Qinzhou Port China (USD/t),USD,t,https://www.metal.com/Aluminum?currency_type=2,True,Pending,NO,YES
Primary Aluminium,,Al Secondary Aluminum Ingots CIF Nansha Port China,,Al Secondary Aluminum Ingots CIF Nansha Port China (USD/t),USD,t,https://www.metal.com/Aluminum?currency_type=2,True,Pending,NO,YES
Primary Aluminium,,Al Secondary Aluminum Ingots CIF Ningbo Port China,,Al Secondary Aluminum Ingots CIF Ningbo Port China (USD/t),USD,t,https://www.metal.com/Aluminum?currency_type=2,True,Pending,NO,YES
Primary Aluminium,,Al Secondary Aluminum Ingots CIF Qingdao Port China,,Al Secondary Aluminum Ingots CIF Qingdao Port China (USD/t),USD,t,https://www.metal.com/Aluminum?currency_type=2,True,Pending,NO,YES
Primary Aluminium,,Al Secondary Aluminum Ingots CIF Qinzhou Port China,,Al Secondary Aluminum Ingots CIF Qinzhou Port China (USD/t),USD,t,https://www.metal.com/Aluminum?currency_type=2,True,Pending,NO,YES
Primary Aluminium,,SMM A00 Aluminum Ingot,SMM-AL-AL-001,SMM A00 Aluminum Ingot (USD/t),USD,t,https://www.metal.com/Aluminum?currency_type=2,True,Pending,NO,YES
Primary Aluminium,,SMM AAluminum Ingot,,SMM AAluminum Ingot (USD/t),USD,t,https://www.metal.com/Aluminum?currency_type=2,True,Pending,NO,YES
Primary Aluminium,,SMM Chongqing A00 Aluminum Ingot,SMM-AL-AL-024,SMM Chongqing A00 Aluminum Ingot (USD/t),USD,t,https://www.metal.com/Aluminum?currency_type=2,True,Pending,NO,YES
Primary Aluminium,,SMM Chongqing AAluminum Ingot,,SMM Chongqing AAluminum Ingot (USD/t),USD,t,https://www.metal.com/Aluminum?currency_type=2,True,Pending,NO,YES
Primary Aluminium,,SMM Foshan A00 Aluminum Ingot,SMM-AL-AL-005,SMM Foshan A00 Aluminum Ingot (USD/t),USD,t,https://www.metal.com/Aluminum?currency_type=2,True,Pending,NO,YES
Primary Aluminium,,SMM Foshan AAluminum Ingot,,SMM Foshan AAluminum Ingot (USD/t),USD,t,https://www.metal.com/Aluminum?currency_type=2,True,Pending,NO,YES
Primary Aluminium,,SMM Guangyuan A00 Aluminum Ingot,SMM-AL-AL-019,SMM Guangyuan A00 Aluminum Ingot (USD/t),USD,t,https://www.metal.com/Aluminum?currency_type=2,True,Pending,NO,YES
Primary Aluminium,,SMM Guangyuan AAluminum Ingot,,SMM Guangyuan AAluminum Ingot (USD/t),USD,t,https://www.metal.com/Aluminum?currency_type=2,True,Pending,NO,YES
Primary Aluminium,,SMM Hangzhou A00 Aluminum Ingot,SMM-AL-AL-023,SMM Hangzhou A00 Aluminum Ingot (USD/t),USD,t,https://www.metal.com/Aluminum?currency_type=2,True,Pending,NO,YES
Primary Aluminium,,SMM Hangzhou AAluminum Ingot,,SMM Hangzhou AAluminum Ingot (USD/t),USD,t,https://www.metal.com/Aluminum?currency_type=2,True,Pending,NO,YES
Primary Aluminium,,SMM Henan A00 Aluminum Ingot,SMM-AL-AL-003,SMM Henan A00 Aluminum Ingot (USD/t),USD,t,https://www.metal.com/Aluminum?currency_type=2,True,Pending,NO,YES
Primary Aluminium,,SMM Henan AAluminum Ingot,,SMM Henan AAluminum Ingot (USD/t),USD,t,https://www.metal.com/Aluminum?currency_type=2,True,Pending,NO,YES
Primary Aluminium,,SMM Linyi A00 Aluminum Ingot,SMM-AL-AL-027,SMM Linyi A00 Aluminum Ingot (USD/t),USD,t,https://www.metal.com/Aluminum?currency_type=2,True,Pending,NO,YES
Primary Aluminium,,SMM Linyi AAluminum Ingot,,SMM Linyi AAluminum Ingot (USD/t),USD,t,https://www.metal.com/Aluminum?currency_type=2,True,Pending,NO,YES
Primary Aluminium,,SMM Shenyang A00 Aluminum Ingot,SMM-AL-AL-025,SMM Shenyang A00 Aluminum Ingot (USD/t),USD,t,https://www.metal.com/Aluminum?currency_type=2,True,Pending,NO,YES
Primary Aluminium,,SMM Shenyang AAluminum Ingot,,SMM Shenyang AAluminum Ingot (USD/t),USD,t,https://www.metal.com/Aluminum?currency_type=2,True,Pending,NO,YES
Primary Aluminium,,SMM Southern China die-cast Aluminum Ingot,SMM-AL-AY-023,SMM Southern China die-cast Aluminum Ingot (USD/t),USD,t,https://www.metal.com/Aluminum?currency_type=2,True,Pending,NO,YES
Primary Aluminium,,SMM Tianjin A00 Aluminum Ingot,SMM-AL-AL-026,SMM Tianjin A00 Aluminum Ingot (USD/t),USD,t,https://www.metal.com/Aluminum?currency_type=2,True,Pending,NO,YES
Primary Aluminium,,SMM Tianjin AAluminum Ingot,,SMM Tianjin AAluminum Ingot (USD/t),USD,t,https://www.metal.com/Aluminum?currency_type=2,True,Pending,NO,YES
Primary Aluminium,,SMM Wuxi A00 Aluminum Ingot,SMM-AL-AL-022,SMM Wuxi A00 Aluminum Ingot (USD/t),USD,t,https://www.metal.com/Aluminum?currency_type=2,True,Pending,NO,YES
Primary Aluminium,,SMM Wuxi AAluminum Ingot,,SMM Wuxi AAluminum Ingot (USD/t),USD,t,https://www.metal.com/Aluminum?currency_type=2,True,Pending,NO,YES
Primary Aluminium,,UBC Ingot,,UBC Ingot (USD/t),USD,t,https://www.metal.com/Aluminum?currency_type=2,True,Pending,NO,YES
Primary Aluminium,Alloy,Aluminum Alloy Ingot,,Aluminum Alloy Ingot (USD/t),USD,t,https://www.metal.com/Aluminum?currency_type=2,True,Pending,NO,YES
Primary Aluminium,Alloy,Aluminum Alloy Ingot A,,Aluminum Alloy Ingot A (USD/t),USD,t,https://www.metal.com/Aluminum?currency_type=2,True,Pending,NO,YES
Primary Aluminium,Alloy,Aluminum Alloy Ingot A356,SMM-AL-AY-022,Aluminum Alloy Ingot A356 (USD/t),USD,t,https://www.metal.com/Aluminum?currency_type=2,True,Pending,NO,YES
Primary Aluminium,Alloy,Aluminum Alloy Ingot A360,SMM-AL-AY-005,Aluminum Alloy Ingot A360 (USD/t),USD,t,https://www.metal.com/Aluminum?currency_type=2,True,Pending,NO,YES
Primary Aluminium,Alloy,Aluminum Alloy Ingot A380,SMM-AL-AY-003,Aluminum Alloy Ingot A380 (USD/t),USD,t,https://www.metal.com/Aluminum?currency_type=2,True,Pending,NO,YES
Primary Aluminium,Alloy,Aluminum Alloy Ingot AC4B,SMM-AL-AY-015,Aluminum Alloy Ingot AC4B (USD/t),USD,t,https://www.metal.com/Aluminum?currency_type=2,True,Pending,NO,YES
Primary Aluminium,Alloy,Aluminum Alloy Ingot ACB,,Aluminum Alloy Ingot ACB (USD/t),USD,t,https://www.metal.com/Aluminum?currency_type=2,True,Pending,NO,YES
Primary Aluminium,Alloy,Aluminum Alloy Ingot ADC12 CIF Japan,SMM-AL-AY-014,Aluminum Alloy Ingot ADC12 CIF Japan (USD/t),USD,t,https://www.metal.com/Aluminum?currency_type=2,True,Pending,NO,YES
Primary Aluminium,Alloy,Aluminum Alloy Ingot ADC12 CIF Ningbo,SMM-AL-AY-004,Aluminum Alloy Ingot ADC12 CIF Ningbo (USD/t),USD,t,https://www.metal.com/Aluminum?currency_type=2,True,Pending,NO,YES
Primary Aluminium,Alloy,Aluminum Alloy Ingot ADCCIF Japan,,Aluminum Alloy Ingot ADCCIF Japan (USD/t),USD,t,https://www.metal.com/Aluminum?currency_type=2,True,Pending,NO,YES
Primary Aluminium,Alloy,Aluminum Alloy Ingot ADCCIF Ningbo,,Aluminum Alloy Ingot ADCCIF Ningbo (USD/t),USD,t,https://www.metal.com/Aluminum?currency_type=2,True,Pending,NO,YES
Primary Aluminium,Alloy,Aluminum Alloy Ingot AlSi(Fe),,Aluminum Alloy Ingot AlSi(Fe) (USD/t),USD,t,https://www.metal.com/Aluminum?currency_type=2,True,Pending,NO,YES
Primary Aluminium,Alloy,Aluminum Alloy Ingot AlSi10Mg(Fe),SMM-AL-AY-019,Aluminum Alloy Ingot AlSi10Mg(Fe) (USD/t),USD,t,https://www.metal.com/Aluminum?currency_type=2,True,Pending,NO,YES
Primary Aluminium,Alloy,Aluminum Alloy Ingot AlSi10MnMg,SMM-AL-AY-018,Aluminum Alloy Ingot AlSi10MnMg (USD/t),USD,t,https://www.metal.com/Aluminum?currency_type=2,True,Pending,NO,YES
Primary Aluminium,Alloy,Aluminum Alloy Ingot AlSi12(Fe),SMM-AL-AY-020,Aluminum Alloy Ingot AlSi12(Fe) (USD/t),USD,t,https://www.metal.com/Aluminum?currency_type=2,True,Pending,NO,YES
Primary Aluminium,Alloy,Aluminum Alloy Ingot AlSi9Cu3,SMM-AL-AY-002,Aluminum Alloy Ingot AlSi9Cu3 (USD/t),USD,t,https://www.metal.com/Aluminum?currency_type=2,True,Pending,NO,YES
Primary Aluminium,Alloy,Aluminum Alloy Ingot AlSiCu,,Aluminum Alloy Ingot AlSiCu (USD/t),USD,t,https://www.metal.com/Aluminum?currency_type=2,True,Pending,NO,YES
Primary Aluminium,Alloy,Aluminum Alloy Ingot AlSiMg(Fe),,Aluminum Alloy Ingot AlSiMg(Fe) (USD/t),USD,t,https://www.metal.com/Aluminum?currency_type=2,True,Pending,NO,YES
Primary Aluminium,Alloy,Aluminum Alloy Ingot AlSiMnMg,,Aluminum Alloy Ingot AlSiMnMg (USD/t),USD,t,https://www.metal.com/Aluminum?currency_type=2,True,Pending,NO,YES
Primary Aluminium,Alloy,Aluminum Alloy Ingot ZLD,,Aluminum Alloy Ingot ZLD (USD/t),USD,t,https://www.metal.com/Aluminum?currency_type=2,True,Pending,NO,YES
Primary Aluminium,Alloy,Aluminum Alloy Ingot ZLD102,SMM-AL-AY-016,Aluminum Alloy Ingot ZLD102 (USD/t),USD,t,https://www.metal.com/Aluminum?currency_type=2,True,Pending,NO,YES
Primary Aluminium,Alloy,Aluminum Alloy Ingot ZLD104,SMM-AL-AY-017,Aluminum Alloy Ingot ZLD104 (USD/t),USD,t,https://www.metal.com/Aluminum?currency_type=2,True,Pending,NO,YES
Primary Aluminium,Alloy,East China Aluminum Alloy Ingot ADC,,East China Aluminum Alloy Ingot ADC (USD/t),USD,t,https://www.metal.com/Aluminum?currency_type=2,True,Pending,NO,YES
Primary Aluminium,Alloy,East China Aluminum Alloy Ingot ADC12,SMM-AL-AY-007,East China Aluminum Alloy Ingot ADC12 (USD/t),USD,t,https://www.metal.com/Aluminum?currency_type=2,True,Pending,NO,YES
Primary Aluminium,Alloy,Guizhou Aluminum Alloy Ingot ADC,,Guizhou Aluminum Alloy Ingot ADC (USD/t),USD,t,https://www.metal.com/Aluminum?currency_type=2,True,Pending,NO,YES
Primary Aluminium,Alloy,Guizhou Aluminum Alloy Ingot ADC12,SMM-AL-AY-012,Guizhou Aluminum Alloy Ingot ADC12 (USD/t),USD,t,https://www.metal.com/Aluminum?currency_type=2,True,Pending,NO,YES
Primary Aluminium,Alloy,Hunan Aluminum Alloy Ingot ADC,,Hunan Aluminum Alloy Ingot ADC (USD/t),USD,t,https://www.metal.com/Aluminum?currency_type=2,True,Pending,NO,YES
Primary Aluminium,Alloy,Hunan Aluminum Alloy Ingot ADC12,SMM-AL-AY-013,Hunan Aluminum Alloy Ingot ADC12 (USD/t),USD,t,https://www.metal.com/Aluminum?currency_type=2,True,Pending,NO,YES
Primary Aluminium,Alloy,Low-Carbon Aluminum Alloy Ingot A,,Low-Carbon Aluminum Alloy Ingot A (USD/t),USD,t,https://www.metal.com/Aluminum?currency_type=2,True,Pending,NO,YES
Primary Aluminium,Alloy,Low-Carbon Aluminum Alloy Ingot A356,SMM-AL-AY-024,Low-Carbon Aluminum Alloy Ingot A356 (USD/t),USD,t,https://www.metal.com/Aluminum?currency_type=2,True,Pending,NO,YES
Primary Aluminium,Alloy,Low-Carbon Aluminum Alloy Ingot ZLD,,Low-Carbon Aluminum Alloy Ingot ZLD (USD/t),USD,t,https://www.metal.com/Aluminum?currency_type=2,True,Pending,NO,YES
Primary Aluminium,Alloy,Low-Carbon Aluminum Alloy Ingot ZLD102,SMM-AL-AY-026,Low-Carbon Aluminum Alloy Ingot ZLD102 (USD/t),USD,t,https://www.metal.com/Aluminum?currency_type=2,True,Pending,NO,YES
Primary Aluminium,Alloy,Low-Carbon Aluminum Alloy Ingot ZLD104,SMM-AL-AY-027,Low-Carbon Aluminum Alloy Ingot ZLD104 (USD/t),USD,t,https://www.metal.com/Aluminum?currency_type=2,True,Pending,NO,YES
Primary Aluminium,Alloy,Malaysia Aluminum Alloy Ingot ADC,,Malaysia Aluminum Alloy Ingot ADC (USD/t),USD,t,https://www.metal.com/Aluminum?currency_type=2,True,Pending,NO,YES
Primary Aluminium,Alloy,Malaysia Aluminum Alloy Ingot ADC12,SMM-AL-AY-031,Malaysia Aluminum Alloy Ingot ADC12 (USD/t),USD,t,https://www.metal.com/Aluminum?currency_type=2,True,Pending,NO,YES
Primary Aluminium,Alloy,Malaysia Aluminum Alloy Ingot ADC12 FOB,SMM-AL-AY-032,Malaysia Aluminum Alloy Ingot ADC12 FOB (USD/t),USD,t,https://www.metal.com/Aluminum?currency_type=2,True,Pending,NO,YES
Primary Aluminium,Alloy,Malaysia Aluminum Alloy Ingot ADCFOB,,Malaysia Aluminum Alloy Ingot ADCFOB (USD/t),USD,t,https://www.metal.com/Aluminum?currency_type=2,True,Pending,NO,YES
Primary Aluminium,Alloy,Ningbo Aluminum Alloy Ingot ADC,,Ningbo Aluminum Alloy Ingot ADC (USD/t),USD,t,https://www.metal.com/Aluminum?currency_type=2,True,Pending,NO,YES
Primary Aluminium,Alloy,Ningbo Aluminum Alloy Ingot ADC12,SMM-AL-AY-006,Ningbo Aluminum Alloy Ingot ADC12 (USD/t),USD,t,https://www.metal.com/Aluminum?currency_type=2,True,Pending,NO,YES
Primary Aluminium,Alloy,Northeast China Aluminum Alloy Ingot ADC,,Northeast China Aluminum Alloy Ingot ADC (USD/t),USD,t,https://www.metal.com/Aluminum?currency_type=2,True,Pending,NO,YES
Primary Aluminium,Alloy,Northeast China Aluminum Alloy Ingot ADC12,SMM-AL-AY-010,Northeast China Aluminum Alloy Ingot ADC12 (USD/t),USD,t,https://www.metal.com/Aluminum?currency_type=2,True,Pending,NO,YES
Primary Aluminium,Alloy,Recycled Low-Carbon Aluminum Alloy Ingot A,,Recycled Low-Carbon Aluminum Alloy Ingot A (USD/t),USD,t,https://www.metal.com/Aluminum?currency_type=2,True,Pending,NO,YES
Primary Aluminium,Alloy,Recycled Low-Carbon Aluminum Alloy Ingot A356,SMM-AL-AY-025,Recycled Low-Carbon Aluminum Alloy Ingot A356 (USD/t),USD,t,https://www.metal.com/Aluminum?currency_type=2,True,Pending,NO,YES
Primary Aluminium,Alloy,SMM Aluminum Alloy Ingot ADC,,SMM Aluminum Alloy Ingot ADC (USD/t),USD,t,https://www.metal.com/Aluminum?currency_type=2,True,Pending,NO,YES
Primary Aluminium,Alloy,SMM Aluminum Alloy Ingot ADC12,SMM-AL-AY-001,SMM Aluminum Alloy Ingot ADC12 (USD/t),USD,t,https://www.metal.com/Aluminum?currency_type=2,True,Pending,NO,YES
Primary Aluminium,Alloy,South China Aluminum Alloy Ingot ADC,,South China Aluminum Alloy Ingot ADC (USD/t),USD,t,https://www.metal.com/Aluminum?currency_type=2,True,Pending,NO,YES
Primary Aluminium,Alloy,South China Aluminum Alloy Ingot ADC12,SMM-AL-AY-008,South China Aluminum Alloy Ingot ADC12 (USD/t),USD,t,https://www.metal.com/Aluminum?currency_type=2,True,Pending,NO,YES
Primary Aluminium,Alloy,Southwest China Aluminum Alloy Ingot ADC,,Southwest China Aluminum Alloy Ingot ADC (USD/t),USD,t,https://www.metal.com/Aluminum?currency_type=2,True,Pending,NO,YES
Primary Aluminium,Alloy,Southwest China Aluminum Alloy Ingot ADC12,SMM-AL-AY-009,Southwest China Aluminum Alloy Ingot ADC12 (USD/t),USD,t,https://www.metal.com/Aluminum?currency_type=2,True,Pending,NO,YES
Primary Aluminium,Alloy,Thailand Aluminum Alloy Ingot ADC12 FOB,SMM-AL-AY-030,Thailand Aluminum Alloy Ingot ADC12 FOB (USD/t),USD,t,https://www.metal.com/Aluminum?currency_type=2,True,Pending,NO,YES
Primary Aluminium,Alloy,Thailand Aluminum Alloy Ingot ADCFOB,,Thailand Aluminum Alloy Ingot ADCFOB (USD/t),USD,t,https://www.metal.com/Aluminum?currency_type=2,True,Pending,NO,YES
Primary Aluminium,Alloy,Thailand aluminium Alloy Ingot ADC,,Thailand aluminium Alloy Ingot ADC (USD/t),USD,t,https://www.metal.com/Aluminum?currency_type=2,True,Pending,NO,YES
Primary Aluminium,Alloy,Thailand aluminium Alloy Ingot ADC12,SMM-AL-AY-021,Thailand aluminium Alloy Ingot ADC12 (USD/t),USD,t,https://www.metal.com/Aluminum?currency_type=2,True,Pending,NO,YES
Primary Aluminium,Alloy,Yunnan Aluminum Alloy Ingot ADC,,Yunnan Aluminum Alloy Ingot ADC (USD/t),USD,t,https://www.metal.com/Aluminum?currency_type=2,True,Pending,NO,YES
Primary Aluminium,Alloy,Yunnan Aluminum Alloy Ingot ADC12,SMM-AL-AY-011,Yunnan Aluminum Alloy Ingot ADC12 (USD/t),USD,t,https://www.metal.com/Aluminum?currency_type=2,True,Pending,NO,YES
Primary Aluminium,Index,Aluminum Low-Carbon P1020A Premium Index,SMM-AL-AL-014,Aluminum Low-Carbon P1020A Premium Index (USD/t),USD,t,https://www.metal.com/Aluminum?currency_type=2,True,Pending,NO,YES
Primary Aluminium,Index,Aluminum Low-Carbon PA Premium Index,,Aluminum Low-Carbon PA Premium Index (USD/t),USD,t,https://www.metal.com/Aluminum?currency_type=2,True,Pending,NO,YES
Primary Aluminium,Index,SMM Aluminum Index,,SMM Aluminum Index (USD/t),USD,t,https://www.metal.com/Aluminum?currency_type=2,True,Pending,YES,YES
Primary Aluminium,Premium,-series Low Carbon Double Zero Foil Premium,,-series Low Carbon Double Zero Foil Premium (USD/t),USD,t,https://www.metal.com/Aluminum?currency_type=2,True,Pending,NO,YES
Primary Aluminium,Premium,1-series Low Carbon Double Zero Foil Premium,SMM-AL-AP-054,1-series Low Carbon Double Zero Foil Premium (USD/t),USD,t,https://www.metal.com/Aluminum?currency_type=2,True,Pending,NO,YES
Primary Aluminium,Premium,1070 Aluminum Rod Premium (Inner Mongolia),SMM-AL-RO-022,1070 Aluminum Rod Premium (Inner Mongolia) (USD/t),USD,t,https://www.metal.com/Aluminum?currency_type=2,True,Pending,NO,YES
Primary Aluminium,Premium,1070 Aluminum Rod Premium (Yunan),SMM-AL-RO-023,1070 Aluminum Rod Premium (Yunan) (USD/t),USD,t,https://www.metal.com/Aluminum?currency_type=2,True,Pending,NO,YES
Primary Aluminium,Premium,12μ C-Coated Li Battery Al Foil Premium,SMM-AL-AP-055,12μ C-Coated Li Battery Al Foil Premium (USD/t),USD,t,https://www.metal.com/Aluminum?currency_type=2,True,Pending,NO,YES
Primary Aluminium,Premium,12μ Li Battery Al Foil Premium,SMM-AL-AS-140,12μ Li Battery Al Foil Premium (USD/t),USD,t,https://www.metal.com/Aluminum?currency_type=2,True,Pending,NO,YES
Primary Aluminium,Premium,13μ C-Coated Li Battery Al Foil Premium,SMM-AL-AP-056,13μ C-Coated Li Battery Al Foil Premium (USD/t),USD,t,https://www.metal.com/Aluminum?currency_type=2,True,Pending,NO,YES
Primary Aluminium,Premium,13μ Li Battery Al Foil Premium,SMM-AL-AS-004,13μ Li Battery Al Foil Premium (USD/t),USD,t,https://www.metal.com/Aluminum?currency_type=2,True,Pending,NO,YES
Primary Aluminium,Premium,15μ Li Battery Al Foil Premium,SMM-AL-AS-010,15μ Li Battery Al Foil Premium (USD/t),USD,t,https://www.metal.com/Aluminum?currency_type=2,True,Pending,NO,YES
Primary Aluminium,Premium,8-series Low Carbon Double Zero Foil Premium,SMM-AL-AP-053,8-series Low Carbon Double Zero Foil Premium (USD/t),USD,t,https://www.metal.com/Aluminum?currency_type=2,True,Pending,NO,YES
Primary Aluminium,Premium,"Aluminium P1020A premium, DDP Midwest US",SMM-AL-AL-029,"Aluminium P1020A premium, DDP Midwest US (USD/t)",USD,t,https://www.metal.com/Aluminum?currency_type=2,True,Pending,NO,YES
Primary Aluminium,Premium,"Aluminium PA premium, DDP Midwest US",,"Aluminium PA premium, DDP Midwest US (USD/t)",USD,t,https://www.metal.com/Aluminum?currency_type=2,True,Pending,NO,YES
Primary Aluminium,Premium,Aluminum P0610A Premium FOB Indonesia,SMM-AL-AL-021,Aluminum P0610A Premium FOB Indonesia (USD/t),USD,t,https://www.metal.com/Aluminum?currency_type=2,True,Pending,NO,YES
Primary Aluminium,Premium,Aluminum P1020A Premium FOB Indonesia,SMM-AL-AL-007,Aluminum P1020A Premium FOB Indonesia (USD/t),USD,t,https://www.metal.com/Aluminum?currency_type=2,True,Pending,NO,YES
Primary Aluminium,Premium,Aluminum P1020A Premium in-whs dp Rotterdam,SMM-AL-AL-015,Aluminum P1020A Premium in-whs dp Rotterdam (USD/t),USD,t,https://www.metal.com/Aluminum?currency_type=2,True,Pending,NO,YES
Primary Aluminium,Premium,Aluminum P1020A Premium in-whs dup Rotterdam,SMM-AL-AL-016,Aluminum P1020A Premium in-whs dup Rotterdam (USD/t),USD,t,https://www.metal.com/Aluminum?currency_type=2,True,Pending,NO,YES
Primary Aluminium,Premium,Aluminum PA Premium FOB Indonesia,,Aluminum PA Premium FOB Indonesia (USD/t),USD,t,https://www.metal.com/Aluminum?currency_type=2,True,Pending,NO,YES
Primary Aluminium,Premium,Aluminum PA Premium in-whs dp Rotterdam,,Aluminum PA Premium in-whs dp Rotterdam (USD/t),USD,t,https://www.metal.com/Aluminum?currency_type=2,True,Pending,NO,YES
Primary Aluminium,Premium,Aluminum PA Premium in-whs dup Rotterdam,,Aluminum PA Premium in-whs dup Rotterdam (USD/t),USD,t,https://www.metal.com/Aluminum?currency_type=2,True,Pending,NO,YES
Primary Aluminium,Premium,Aluminum Premium CIF Shanghai,SMM-AL-AL-008,Aluminum Premium CIF Shanghai (USD/t),USD,t,https://www.metal.com/Aluminum?currency_type=2,True,Pending,NO,YES
Primary Aluminium,Premium,Aluminum Premium CIF South Korea,SMM-AL-AL-011,Aluminum Premium CIF South Korea (USD/t),USD,t,https://www.metal.com/Aluminum?currency_type=2,True,Pending,NO,YES
Primary Aluminium,Premium,Aluminum Premium CIF Thailand,SMM-AL-AL-012,Aluminum Premium CIF Thailand (USD/t),USD,t,https://www.metal.com/Aluminum?currency_type=2,True,Pending,NO,YES
Primary Aluminium,Premium,Aluminum Premium FCA South Korea,SMM-AL-AL-010,Aluminum Premium FCA South Korea (USD/t),USD,t,https://www.metal.com/Aluminum?currency_type=2,True,Pending,NO,YES
Primary Aluminium,Premium,Aluminum Premium In-whs Shanghai,SMM-AL-AL-009,Aluminum Premium In-whs Shanghai (USD/t),USD,t,https://www.metal.com/Aluminum?currency_type=2,True,Pending,NO,YES
Primary Aluminium,Premium,Aluminum Quarterly Premium CIF Japan,SMM-AL-AL-017,Aluminum Quarterly Premium CIF Japan (USD/t),USD,t,https://www.metal.com/Aluminum?currency_type=2,True,Pending,NO,YES
Primary Aluminium,Premium,Aluminum Rod Premium (Inner Mongolia),,Aluminum Rod Premium (Inner Mongolia) (USD/t),USD,t,https://www.metal.com/Aluminum?currency_type=2,True,Pending,NO,YES
Primary Aluminium,Premium,Aluminum Rod Premium (Yunan),,Aluminum Rod Premium (Yunan) (USD/t),USD,t,https://www.metal.com/Aluminum?currency_type=2,True,Pending,NO,YES
Primary Aluminium,Premium,Aluminum Spot Premium CIF Japan,SMM-AL-AL-018,Aluminum Spot Premium CIF Japan (USD/t),USD,t,https://www.metal.com/Aluminum?currency_type=2,True,Pending,NO,YES
Primary Aluminium,Premium,Baotou φ120 Aluminum Billet Premium,SMM-AL-BL-020,Baotou φ120 Aluminum Billet Premium (USD/t),USD,t,https://www.metal.com/Aluminum?currency_type=2,True,Pending,NO,YES
Primary Aluminium,Premium,Baotou φ178 Aluminum Billet Premium,SMM-AL-BL-021,Baotou φ178 Aluminum Billet Premium (USD/t),USD,t,https://www.metal.com/Aluminum?currency_type=2,True,Pending,NO,YES
Primary Aluminium,Premium,Baotou φ90 Aluminum Billet Premium,SMM-AL-BL-019,Baotou φ90 Aluminum Billet Premium (USD/t),USD,t,https://www.metal.com/Aluminum?currency_type=2,True,Pending,NO,YES
Primary Aluminium,Premium,Baotou φAluminum Billet Premium,,Baotou φAluminum Billet Premium (USD/t),USD,t,https://www.metal.com/Aluminum?currency_type=2,True,Pending,NO,YES
Primary Aluminium,Premium,Foshan 6061 Aluminum Billet Premium,SMM-AL-BL-013,Foshan 6061 Aluminum Billet Premium (USD/t),USD,t,https://www.metal.com/Aluminum?currency_type=2,True,Pending,NO,YES
Primary Aluminium,Premium,Foshan 6082 Aluminum Billet Premium,SMM-AL-BL-014,Foshan 6082 Aluminum Billet Premium (USD/t),USD,t,https://www.metal.com/Aluminum?currency_type=2,True,Pending,NO,YES
Primary Aluminium,Premium,Foshan Aluminum Billet Premium,,Foshan Aluminum Billet Premium (USD/t),USD,t,https://www.metal.com/Aluminum?currency_type=2,True,Pending,NO,YES
Primary Aluminium,Premium,Foshan φ100 Aluminum Billet Premium,SMM-AL-BL-002,Foshan φ100 Aluminum Billet Premium (USD/t),USD,t,https://www.metal.com/Aluminum?currency_type=2,True,Pending,NO,YES
Primary Aluminium,Premium,Foshan φ120 Aluminum Billet Premium,SMM-AL-BL-003,Foshan φ120 Aluminum Billet Premium (USD/t),USD,t,https://www.metal.com/Aluminum?currency_type=2,True,Pending,NO,YES
Primary Aluminium,Premium,Foshan φ150 Aluminum Billet Premium,SMM-AL-BL-004,Foshan φ150 Aluminum Billet Premium (USD/t),USD,t,https://www.metal.com/Aluminum?currency_type=2,True,Pending,NO,YES
Primary Aluminium,Premium,Foshan φ178 Aluminum Billet Premium,SMM-AL-BL-005,Foshan φ178 Aluminum Billet Premium (USD/t),USD,t,https://www.metal.com/Aluminum?currency_type=2,True,Pending,NO,YES
Primary Aluminium,Premium,Foshan φ90 Aluminum Billet Premium,SMM-AL-BL-001,Foshan φ90 Aluminum Billet Premium (USD/t),USD,t,https://www.metal.com/Aluminum?currency_type=2,True,Pending,NO,YES
Primary Aluminium,Premium,Foshan φAluminum Billet Premium,,Foshan φAluminum Billet Premium (USD/t),USD,t,https://www.metal.com/Aluminum?currency_type=2,True,Pending,NO,YES
Primary Aluminium,Premium,Guangdong /Aluminum Rod Premium,,Guangdong /Aluminum Rod Premium (USD/t),USD,t,https://www.metal.com/Aluminum?currency_type=2,True,Pending,NO,YES
Primary Aluminium,Premium,Guangdong 1A60 Aluminum Rod Premium,SMM-AL-RO-006,Guangdong 1A60 Aluminum Rod Premium (USD/t),USD,t,https://www.metal.com/Aluminum?currency_type=2,True,Pending,NO,YES
Primary Aluminium,Premium,Guangdong 6101/6201 Aluminum Rod Premium,SMM-AL-RO-009,Guangdong 6101/6201 Aluminum Rod Premium (USD/t),USD,t,https://www.metal.com/Aluminum?currency_type=2,True,Pending,NO,YES
Primary Aluminium,Premium,Guangdong 8030 Aluminum Rod Premium,SMM-AL-RO-012,Guangdong 8030 Aluminum Rod Premium (USD/t),USD,t,https://www.metal.com/Aluminum?currency_type=2,True,Pending,NO,YES
Primary Aluminium,Premium,Guangdong 99.70% Deoxidized Aluminum Rod Premium,SMM-AL-RO-015,Guangdong 99.70% Deoxidized Aluminum Rod Premium (USD/t),USD,t,https://www.metal.com/Aluminum?currency_type=2,True,Pending,NO,YES
Primary Aluminium,Premium,Guangdong AAluminum Rod Premium,,Guangdong AAluminum Rod Premium (USD/t),USD,t,https://www.metal.com/Aluminum?currency_type=2,True,Pending,NO,YES
Primary Aluminium,Premium,Guangdong Aluminum Rod Premium,,Guangdong Aluminum Rod Premium (USD/t),USD,t,https://www.metal.com/Aluminum?currency_type=2,True,Pending,NO,YES
Primary Aluminium,Premium,Guangdong Deoxidized Aluminum Rod Premium,,Guangdong Deoxidized Aluminum Rod Premium (USD/t),USD,t,https://www.metal.com/Aluminum?currency_type=2,True,Pending,NO,YES
Primary Aluminium,Premium,Hebei 1A60 Aluminum Rod Premium,SMM-AL-RO-002,Hebei 1A60 Aluminum Rod Premium (USD/t),USD,t,https://www.metal.com/Aluminum?currency_type=2,True,Pending,NO,YES
Primary Aluminium,Premium,Hebei AAluminum Rod Premium,,Hebei AAluminum Rod Premium (USD/t),USD,t,https://www.metal.com/Aluminum?currency_type=2,True,Pending,NO,YES
Primary Aluminium,Premium,Henan /Aluminum Rod Premium,,Henan /Aluminum Rod Premium (USD/t),USD,t,https://www.metal.com/Aluminum?currency_type=2,True,Pending,NO,YES
Primary Aluminium,Premium,Henan 1A60 Aluminum Rod Premium,SMM-AL-RO-004,Henan 1A60 Aluminum Rod Premium (USD/t),USD,t,https://www.metal.com/Aluminum?currency_type=2,True,Pending,NO,YES
Primary Aluminium,Premium,Henan 6101/6201 Aluminum Rod Premium,SMM-AL-RO-008,Henan 6101/6201 Aluminum Rod Premium (USD/t),USD,t,https://www.metal.com/Aluminum?currency_type=2,True,Pending,NO,YES
Primary Aluminium,Premium,Henan 8030 Aluminum Rod Premium,SMM-AL-RO-011,Henan 8030 Aluminum Rod Premium (USD/t),USD,t,https://www.metal.com/Aluminum?currency_type=2,True,Pending,NO,YES
Primary Aluminium,Premium,Henan 99.70% Deoxidized Aluminum Rod Premium,SMM-AL-RO-014,Henan 99.70% Deoxidized Aluminum Rod Premium (USD/t),USD,t,https://www.metal.com/Aluminum?currency_type=2,True,Pending,NO,YES
Primary Aluminium,Premium,Henan AAluminum Rod Premium,,Henan AAluminum Rod Premium (USD/t),USD,t,https://www.metal.com/Aluminum?currency_type=2,True,Pending,NO,YES
Primary Aluminium,Premium,Henan Aluminum Rod Premium,,Henan Aluminum Rod Premium (USD/t),USD,t,https://www.metal.com/Aluminum?currency_type=2,True,Pending,NO,YES
Primary Aluminium,Premium,Henan Deoxidized Aluminum Rod Premium,,Henan Deoxidized Aluminum Rod Premium (USD/t),USD,t,https://www.metal.com/Aluminum?currency_type=2,True,Pending,NO,YES
Primary Aluminium,Premium,Henan φ120 Aluminum Billet Premium,SMM-AL-BL-023,Henan φ120 Aluminum Billet Premium (USD/t),USD,t,https://www.metal.com/Aluminum?currency_type=2,True,Pending,NO,YES
Primary Aluminium,Premium,Henan φ178 Aluminum Billet Premium,SMM-AL-BL-024,Henan φ178 Aluminum Billet Premium (USD/t),USD,t,https://www.metal.com/Aluminum?currency_type=2,True,Pending,NO,YES
Primary Aluminium,Premium,Henan φ90 Aluminum Billet Premium,SMM-AL-BL-022,Henan φ90 Aluminum Billet Premium (USD/t),USD,t,https://www.metal.com/Aluminum?currency_type=2,True,Pending,NO,YES
Primary Aluminium,Premium,Henan φAluminum Billet Premium,,Henan φAluminum Billet Premium (USD/t),USD,t,https://www.metal.com/Aluminum?currency_type=2,True,Pending,NO,YES
Primary Aluminium,Premium,Inner Mongolia 1A60 Aluminum Rod Premium,SMM-AL-RO-005,Inner Mongolia 1A60 Aluminum Rod Premium (USD/t),USD,t,https://www.metal.com/Aluminum?currency_type=2,True,Pending,NO,YES
Primary Aluminium,Premium,Inner Mongolia 99.70% Deoxidized Aluminum Rod Premium,SMM-AL-RO-016,Inner Mongolia 99.70% Deoxidized Aluminum Rod Premium (USD/t),USD,t,https://www.metal.com/Aluminum?currency_type=2,True,Pending,NO,YES
Primary Aluminium,Premium,Inner Mongolia AAluminum Rod Premium,,Inner Mongolia AAluminum Rod Premium (USD/t),USD,t,https://www.metal.com/Aluminum?currency_type=2,True,Pending,NO,YES
Primary Aluminium,Premium,Inner Mongolia Deoxidized Aluminum Rod Premium,,Inner Mongolia Deoxidized Aluminum Rod Premium (USD/t),USD,t,https://www.metal.com/Aluminum?currency_type=2,True,Pending,NO,YES
Primary Aluminium,Premium,Jiangsu 1A60 Aluminum Rod Premium,SMM-AL-RO-003,Jiangsu 1A60 Aluminum Rod Premium (USD/t),USD,t,https://www.metal.com/Aluminum?currency_type=2,True,Pending,NO,YES
Primary Aluminium,Premium,Jiangsu AAluminum Rod Premium,,Jiangsu AAluminum Rod Premium (USD/t),USD,t,https://www.metal.com/Aluminum?currency_type=2,True,Pending,NO,YES
Primary Aluminium,Premium,Linyi φ120 Aluminum Billet Premium,SMM-AL-BL-026,Linyi φ120 Aluminum Billet Premium (USD/t),USD,t,https://www.metal.com/Aluminum?currency_type=2,True,Pending,NO,YES
Primary Aluminium,Premium,Linyi φ178 Aluminum Billet Premium,SMM-AL-BL-027,Linyi φ178 Aluminum Billet Premium (USD/t),USD,t,https://www.metal.com/Aluminum?currency_type=2,True,Pending,NO,YES
Primary Aluminium,Premium,Linyi φ90 Aluminum Billet Premium,SMM-AL-BL-025,Linyi φ90 Aluminum Billet Premium (USD/t),USD,t,https://www.metal.com/Aluminum?currency_type=2,True,Pending,NO,YES
Primary Aluminium,Premium,Linyi φAluminum Billet Premium,,Linyi φAluminum Billet Premium (USD/t),USD,t,https://www.metal.com/Aluminum?currency_type=2,True,Pending,NO,YES
Primary Aluminium,Premium,Nanchang φ120 Aluminum Billet Premium,SMM-AL-BL-009,Nanchang φ120 Aluminum Billet Premium (USD/t),USD,t,https://www.metal.com/Aluminum?currency_type=2,True,Pending,NO,YES
Primary Aluminium,Premium,Nanchang φ178 Aluminum Billet Premium,SMM-AL-BL-011,Nanchang φ178 Aluminum Billet Premium (USD/t),USD,t,https://www.metal.com/Aluminum?currency_type=2,True,Pending,NO,YES
Primary Aluminium,Premium,Nanchang φ90 Aluminum Billet Premium,SMM-AL-BL-010,Nanchang φ90 Aluminum Billet Premium (USD/t),USD,t,https://www.metal.com/Aluminum?currency_type=2,True,Pending,NO,YES
Primary Aluminium,Premium,Nanchang φAluminum Billet Premium,,Nanchang φAluminum Billet Premium (USD/t),USD,t,https://www.metal.com/Aluminum?currency_type=2,True,Pending,NO,YES
Primary Aluminium,Premium,Photovoltaic Frame Premium,SMM-AL-EX-002,Photovoltaic Frame Premium (USD/t),USD,t,https://www.metal.com/Aluminum?currency_type=2,True,Pending,NO,YES
Primary Aluminium,Premium,SMM A00 Aluminum Ingot Premium,SMM-AL-AL-002,SMM A00 Aluminum Ingot Premium (USD/t),USD,t,https://www.metal.com/Aluminum?currency_type=2,True,Pending,NO,YES
Primary Aluminium,Premium,SMM AAluminum Ingot Premium,,SMM AAluminum Ingot Premium (USD/t),USD,t,https://www.metal.com/Aluminum?currency_type=2,True,Pending,NO,YES
Primary Aluminium,Premium,SMM Foshan A00 Aluminum Ingot Premium,SMM-AL-AL-006,SMM Foshan A00 Aluminum Ingot Premium (USD/t),USD,t,https://www.metal.com/Aluminum?currency_type=2,True,Pending,NO,YES
Primary Aluminium,Premium,SMM Foshan AAluminum Ingot Premium,,SMM Foshan AAluminum Ingot Premium (USD/t),USD,t,https://www.metal.com/Aluminum?currency_type=2,True,Pending,NO,YES
Primary Aluminium,Premium,SMM Guangyuan A00 Aluminum Ingot Premium,SMM-AL-AL-020,SMM Guangyuan A00 Aluminum Ingot Premium (USD/t),USD,t,https://www.metal.com/Aluminum?currency_type=2,True,Pending,NO,YES
Primary Aluminium,Premium,SMM Guangyuan AAluminum Ingot Premium,,SMM Guangyuan AAluminum Ingot Premium (USD/t),USD,t,https://www.metal.com/Aluminum?currency_type=2,True,Pending,NO,YES
Primary Aluminium,Premium,SMM Henan A00 Aluminum Ingot Premium,SMM-AL-AL-004,SMM Henan A00 Aluminum Ingot Premium (USD/t),USD,t,https://www.metal.com/Aluminum?currency_type=2,True,Pending,NO,YES
Primary Aluminium,Premium,SMM Henan AAluminum Ingot Premium,,SMM Henan AAluminum Ingot Premium (USD/t),USD,t,https://www.metal.com/Aluminum?currency_type=2,True,Pending,NO,YES
Primary Aluminium,Premium,Shandong /Aluminum Rod Premium,,Shandong /Aluminum Rod Premium (USD/t),USD,t,https://www.metal.com/Aluminum?currency_type=2,True,Pending,NO,YES
Primary Aluminium,Premium,Shandong 1A60 Aluminum Rod Premium,SMM-AL-RO-001,Shandong 1A60 Aluminum Rod Premium (USD/t),USD,t,https://www.metal.com/Aluminum?currency_type=2,True,Pending,NO,YES
Primary Aluminium,Premium,Shandong 61.5% IACS High-conductivity Aluminum Rod Premium,SMM-AL-RO-020,Shandong 61.5% IACS High-conductivity Aluminum Rod Premium (USD/t),USD,t,https://www.metal.com/Aluminum?currency_type=2,True,Pending,NO,YES
Primary Aluminium,Premium,Shandong 6101/6201 Aluminum Rod Premium,SMM-AL-RO-007,Shandong 6101/6201 Aluminum Rod Premium (USD/t),USD,t,https://www.metal.com/Aluminum?currency_type=2,True,Pending,NO,YES
Primary Aluminium,Premium,Shandong 62.5% IACS High-conductivity Aluminum Rod Premium,SMM-AL-RO-021,Shandong 62.5% IACS High-conductivity Aluminum Rod Premium (USD/t),USD,t,https://www.metal.com/Aluminum?currency_type=2,True,Pending,NO,YES
Primary Aluminium,Premium,Shandong 8030 Aluminum Rod Premium,SMM-AL-RO-010,Shandong 8030 Aluminum Rod Premium (USD/t),USD,t,https://www.metal.com/Aluminum?currency_type=2,True,Pending,NO,YES
Primary Aluminium,Premium,Shandong 99.70% Deoxidized Aluminum Rod Premium,SMM-AL-RO-013,Shandong 99.70% Deoxidized Aluminum Rod Premium (USD/t),USD,t,https://www.metal.com/Aluminum?currency_type=2,True,Pending,NO,YES
Primary Aluminium,Premium,Shandong AAluminum Rod Premium,,Shandong AAluminum Rod Premium (USD/t),USD,t,https://www.metal.com/Aluminum?currency_type=2,True,Pending,NO,YES
Primary Aluminium,Premium,Shandong Aluminum Rod Premium,,Shandong Aluminum Rod Premium (USD/t),USD,t,https://www.metal.com/Aluminum?currency_type=2,True,Pending,NO,YES
Primary Aluminium,Premium,Shandong Deoxidized Aluminum Rod Premium,,Shandong Deoxidized Aluminum Rod Premium (USD/t),USD,t,https://www.metal.com/Aluminum?currency_type=2,True,Pending,NO,YES
Primary Aluminium,Premium,Shandong IACS High-conductivity Aluminum Rod Premium,,Shandong IACS High-conductivity Aluminum Rod Premium (USD/t),USD,t,https://www.metal.com/Aluminum?currency_type=2,True,Pending,NO,YES
Primary Aluminium,Premium,Wuxi 6061 Aluminum Billet Premium,SMM-AL-BL-034,Wuxi 6061 Aluminum Billet Premium (USD/t),USD,t,https://www.metal.com/Aluminum?currency_type=2,True,Pending,NO,YES
Primary Aluminium,Premium,Wuxi 6082 Aluminum Billet Premium,SMM-AL-BL-035,Wuxi 6082 Aluminum Billet Premium (USD/t),USD,t,https://www.metal.com/Aluminum?currency_type=2,True,Pending,NO,YES
Primary Aluminium,Premium,Wuxi Aluminum Billet Premium,,Wuxi Aluminum Billet Premium (USD/t),USD,t,https://www.metal.com/Aluminum?currency_type=2,True,Pending,NO,YES
Primary Aluminium,Premium,Wuxi φ120 Aluminum Billet Premium,SMM-AL-BL-006,Wuxi φ120 Aluminum Billet Premium (USD/t),USD,t,https://www.metal.com/Aluminum?currency_type=2,True,Pending,NO,YES
Primary Aluminium,Premium,Wuxi φ178 Aluminum Billet Premium,SMM-AL-BL-008,Wuxi φ178 Aluminum Billet Premium (USD/t),USD,t,https://www.metal.com/Aluminum?currency_type=2,True,Pending,NO,YES
Primary Aluminium,Premium,Wuxi φ90 Aluminum Billet Premium,SMM-AL-BL-007,Wuxi φ90 Aluminum Billet Premium (USD/t),USD,t,https://www.metal.com/Aluminum?currency_type=2,True,Pending,NO,YES
Primary Aluminium,Premium,Wuxi φAluminum Billet Premium,,Wuxi φAluminum Billet Premium (USD/t),USD,t,https://www.metal.com/Aluminum?currency_type=2,True,Pending,NO,YES
Primary Aluminium,Premium,Xinjiang φ120 Aluminum Billet Premium,SMM-AL-BL-017,Xinjiang φ120 Aluminum Billet Premium (USD/t),USD,t,https://www.metal.com/Aluminum?currency_type=2,True,Pending,NO,YES
Primary Aluminium,Premium,Xinjiang φ178 Aluminum Billet Premium,SMM-AL-BL-018,Xinjiang φ178 Aluminum Billet Premium (USD/t),USD,t,https://www.metal.com/Aluminum?currency_type=2,True,Pending,NO,YES
Primary Aluminium,Premium,Xinjiang φ90 Aluminum Billet Premium,SMM-AL-BL-016,Xinjiang φ90 Aluminum Billet Premium (USD/t),USD,t,https://www.metal.com/Aluminum?currency_type=2,True,Pending,NO,YES
Primary Aluminium,Premium,Xinjiang φAluminum Billet Premium,,Xinjiang φAluminum Billet Premium (USD/t),USD,t,https://www.metal.com/Aluminum?currency_type=2,True,Pending,NO,YES
Primary Aluminium,Premium,Yuannan Low Carbon /Aluminum Rod Premium,,Yuannan Low Carbon /Aluminum Rod Premium (USD/t),USD,t,https://www.metal.com/Aluminum?currency_type=2,True,Pending,NO,YES
Primary Aluminium,Premium,Yuannan Low Carbon 1A60 Aluminum Rod Premium,SMM-AL-RO-017,Yuannan Low Carbon 1A60 Aluminum Rod Premium (USD/t),USD,t,https://www.metal.com/Aluminum?currency_type=2,True,Pending,NO,YES
Primary Aluminium,Premium,Yuannan Low Carbon 6101/6201 Aluminum Rod Premium,SMM-AL-RO-018,Yuannan Low Carbon 6101/6201 Aluminum Rod Premium (USD/t),USD,t,https://www.metal.com/Aluminum?currency_type=2,True,Pending,NO,YES
Primary Aluminium,Premium,Yuannan Low Carbon 8030 Aluminum Rod Premium,SMM-AL-RO-019,Yuannan Low Carbon 8030 Aluminum Rod Premium (USD/t),USD,t,https://www.metal.com/Aluminum?currency_type=2,True,Pending,NO,YES
Primary Aluminium,Premium,Yuannan Low Carbon AAluminum Rod Premium,,Yuannan Low Carbon AAluminum Rod Premium (USD/t),USD,t,https://www.metal.com/Aluminum?currency_type=2,True,Pending,NO,YES
Primary Aluminium,Premium,Yuannan Low Carbon Aluminum Rod Premium,,Yuannan Low Carbon Aluminum Rod Premium (USD/t),USD,t,https://www.metal.com/Aluminum?currency_type=2,True,Pending,NO,YES
Primary Aluminium,Premium,Yunan Low Carbon φ120 Aluminum Billet Premium,SMM-AL-BL-032,Yunan Low Carbon φ120 Aluminum Billet Premium (USD/t),USD,t,https://www.metal.com/Aluminum?currency_type=2,True,Pending,NO,YES
Primary Aluminium,Premium,Yunan Low Carbon φ178 Aluminum Billet Premium,SMM-AL-BL-033,Yunan Low Carbon φ178 Aluminum Billet Premium (USD/t),USD,t,https://www.metal.com/Aluminum?currency_type=2,True,Pending,NO,YES
Primary Aluminium,Premium,Yunan Low Carbon φ90 Aluminum Billet Premium,SMM-AL-BL-031,Yunan Low Carbon φ90 Aluminum Billet Premium (USD/t),USD,t,https://www.metal.com/Aluminum?currency_type=2,True,Pending,NO,YES
Primary Aluminium,Premium,Yunan Low Carbon φAluminum Billet Premium,,Yunan Low Carbon φAluminum Billet Premium (USD/t),USD,t,https://www.metal.com/Aluminum?currency_type=2,True,Pending,NO,YES
Primary Aluminium,Premium,μ C-Coated Li Battery Al Foil Premium,,μ C-Coated Li Battery Al Foil Premium (USD/t),USD,t,https://www.metal.com/Aluminum?currency_type=2,True,Pending,NO,YES
Primary Aluminium,Premium,μ Li Battery Al Foil Premium,,μ Li Battery Al Foil Premium (USD/t),USD,t,https://www.metal.com/Aluminum?currency_type=2,True,Pending,NO,YES
Alumina & Bauxite,,"3N High-Purity Alumina (Al₂O₃≥99.9%, 1um＜D50≤5um)",SMM-AL-AO-005,"3N High-Purity Alumina (Al₂O₃≥99.9%, 1um＜D50≤5um) (USD/t)",USD,t,https://www.metal.com/Aluminum?currency_type=2,True,Pending,NO,YES
Alumina & Bauxite,,"3N High-Purity Alumina (Al₂O₃≥99.9%, D50=0.4μm)",SMM-AL-AO-007,"3N High-Purity Alumina (Al₂O₃≥99.9%, D50=0.4μm) (USD/t)",USD,t,https://www.metal.com/Aluminum?currency_type=2,True,Pending,NO,YES
Alumina & Bauxite,,"3N High-Purity Alumina (Al₂O₃≥99.9%, D50=0.8um)",SMM-AL-AO-008,"3N High-Purity Alumina (Al₂O₃≥99.9%, D50=0.8um) (USD/t)",USD,t,https://www.metal.com/Aluminum?currency_type=2,True,Pending,NO,YES
Alumina & Bauxite,,"3N High-Purity Alumina (Al₂O₃≥99.9%, D50=1um)",SMM-AL-AO-009,"3N High-Purity Alumina (Al₂O₃≥99.9%, D50=1um) (USD/t)",USD,t,https://www.metal.com/Aluminum?currency_type=2,True,Pending,NO,YES
Alumina & Bauxite,,"4N High-Purity Alumina (Al₂O₃≥99.99%, 0.5um＜D50≤1um)",SMM-AL-AO-011,"4N High-Purity Alumina (Al₂O₃≥99.99%, 0.5um＜D50≤1um) (USD/t)",USD,t,https://www.metal.com/Aluminum?currency_type=2,True,Pending,NO,YES
Alumina & Bauxite,,"4N High-Purity Alumina (Al₂O₃≥99.99%, 1um＜D50≤3um)",SMM-AL-AO-012,"4N High-Purity Alumina (Al₂O₃≥99.99%, 1um＜D50≤3um) (USD/t)",USD,t,https://www.metal.com/Aluminum?currency_type=2,True,Pending,NO,YES
Alumina & Bauxite,,"4N High-Purity Alumina (Al₂O₃≥99.99%, 3um＜D50≤5um)",SMM-AL-AO-013,"4N High-Purity Alumina (Al₂O₃≥99.99%, 3um＜D50≤5um) (USD/t)",USD,t,https://www.metal.com/Aluminum?currency_type=2,True,Pending,NO,YES
Alumina & Bauxite,,"4N High-Purity Alumina (Al₂O₃≥99.99%, D50=0.1um and D97=0.3um)",SMM-AL-AO-010,"4N High-Purity Alumina (Al₂O₃≥99.99%, D50=0.1um and D97=0.3um) (USD/t)",USD,t,https://www.metal.com/Aluminum?currency_type=2,True,Pending,NO,YES
Alumina & Bauxite,,"4N5 High-Purity Alumina (Al₂O₃≥99.995%, 30um＜D50≤40um)",SMM-AL-AO-006,"4N5 High-Purity Alumina (Al₂O₃≥99.995%, 30um＜D50≤40um) (USD/t)",USD,t,https://www.metal.com/Aluminum?currency_type=2,True,Pending,NO,YES
Alumina & Bauxite,,"5N High-Purity Alumina (Al₂O₃≥99.999%, 0.2um≤D50≤3um)",SMM-AL-AO-014,"5N High-Purity Alumina (Al₂O₃≥99.999%, 0.2um≤D50≤3um) (USD/t)",USD,t,https://www.metal.com/Aluminum?currency_type=2,True,Pending,NO,YES
Alumina & Bauxite,,Alumina (Al₂O₃≥) FOB Brazil,,Alumina (Al₂O₃≥) FOB Brazil (USD/t),USD,t,https://www.metal.com/Aluminum?currency_type=2,True,Pending,NO,YES
Alumina & Bauxite,,Alumina (Al₂O₃≥) FOB Easten Australia,,Alumina (Al₂O₃≥) FOB Easten Australia (USD/t),USD,t,https://www.metal.com/Aluminum?currency_type=2,True,Pending,NO,YES
Alumina & Bauxite,,Alumina (Al₂O₃≥) FOB Vietnam,,Alumina (Al₂O₃≥) FOB Vietnam (USD/t),USD,t,https://www.metal.com/Aluminum?currency_type=2,True,Pending,NO,YES
Alumina & Bauxite,,Alumina (Al₂O₃≥) FOB Western Australia,,Alumina (Al₂O₃≥) FOB Western Australia (USD/t),USD,t,https://www.metal.com/Aluminum?currency_type=2,True,Pending,NO,YES
Alumina & Bauxite,,Alumina (Al₂O₃≥) Fob Indonesia,,Alumina (Al₂O₃≥) Fob Indonesia (USD/t),USD,t,https://www.metal.com/Aluminum?currency_type=2,True,Pending,NO,YES
Alumina & Bauxite,,Alumina (Al₂O₃≥98.5%) FOB Brazil,SMM-AL-AO-027,Alumina (Al₂O₃≥98.5%) FOB Brazil (USD/t),USD,t,https://www.metal.com/Aluminum?currency_type=2,True,Pending,NO,YES
Alumina & Bauxite,,Alumina (Al₂O₃≥98.5%) FOB Easten Australia,SMM-AL-AO-003,Alumina (Al₂O₃≥98.5%) FOB Easten Australia (USD/t),USD,t,https://www.metal.com/Aluminum?currency_type=2,True,Pending,NO,YES
Alumina & Bauxite,,Alumina (Al₂O₃≥98.5%) FOB Vietnam,SMM-AL-AO-028,Alumina (Al₂O₃≥98.5%) FOB Vietnam (USD/t),USD,t,https://www.metal.com/Aluminum?currency_type=2,True,Pending,NO,YES
Alumina & Bauxite,,Alumina (Al₂O₃≥98.5%) FOB Western Australia,SMM-AL-AO-002,Alumina (Al₂O₃≥98.5%) FOB Western Australia (USD/t),USD,t,https://www.metal.com/Aluminum?currency_type=2,True,Pending,NO,YES
Alumina & Bauxite,,Alumina (Al₂O₃≥98.5%) Fob Indonesia,SMM-AL-AO-004,Alumina (Al₂O₃≥98.5%) Fob Indonesia (USD/t),USD,t,https://www.metal.com/Aluminum?currency_type=2,True,Pending,NO,YES
Alumina & Bauxite,,Aluminum Hydroxide,,Aluminum Hydroxide (USD/t),USD,t,https://www.metal.com/Aluminum?currency_type=2,True,Pending,NO,YES
Alumina & Bauxite,,Australia Bauxite (High-Temperature) CIF China,SMM-AL-BA-004,Australia Bauxite (High-Temperature) CIF China (USD/t),USD,t,https://www.metal.com/Aluminum?currency_type=2,True,Pending,NO,YES
Alumina & Bauxite,,Australia Bauxite (Low-Temperature) CIF China,SMM-AL-BA-003,Australia Bauxite (Low-Temperature) CIF China (USD/t),USD,t,https://www.metal.com/Aluminum?currency_type=2,True,Pending,NO,YES
Alumina & Bauxite,,Bauxite CFR Turkey,SMM-AL-BA-019,Bauxite CFR Turkey (USD/t),USD,t,https://www.metal.com/Aluminum?currency_type=2,True,Pending,NO,YES
Alumina & Bauxite,,Bauxite FOB Guinea,SMM-AL-BA-007,Bauxite FOB Guinea (USD/t),USD,t,https://www.metal.com/Aluminum?currency_type=2,True,Pending,NO,YES
Alumina & Bauxite,,China Aluminum Hydroxide,SMM-AL-AO-029,China Aluminum Hydroxide (USD/t),USD,t,https://www.metal.com/Aluminum?currency_type=2,True,Pending,NO,YES
Alumina & Bauxite,,Guangxi Aluminum Hydroxide,SMM-AL-AO-033,Guangxi Aluminum Hydroxide (USD/t),USD,t,https://www.metal.com/Aluminum?currency_type=2,True,Pending,NO,YES
Alumina & Bauxite,,"Guangxi Bauxite (A/S ratio , Al₂O₃ )",,"Guangxi Bauxite (A/S ratio , Al₂O₃ ) (USD/t)",USD,t,https://www.metal.com/Aluminum?currency_type=2,True,Pending,NO,YES
Alumina & Bauxite,,"Guangxi Bauxite (A/S ratio 6, Al₂O₃ 53%)",SMM-AL-BA-013,"Guangxi Bauxite (A/S ratio 6, Al₂O₃ 53%) (USD/t)",USD,t,https://www.metal.com/Aluminum?currency_type=2,True,Pending,NO,YES
Alumina & Bauxite,,"Guangxi Bauxite (A/S ratio 7, Al₂O₃ 53%)",SMM-AL-BA-012,"Guangxi Bauxite (A/S ratio 7, Al₂O₃ 53%) (USD/t)",USD,t,https://www.metal.com/Aluminum?currency_type=2,True,Pending,NO,YES
Alumina & Bauxite,,Guinean Bauxite CIF China,SMM-AL-BA-002,Guinean Bauxite CIF China (USD/t),USD,t,https://www.metal.com/Aluminum?currency_type=2,True,Pending,NO,YES
Alumina & Bauxite,,"Guiyang Bauxite (A/S ratio , Al₂O₃ )",,"Guiyang Bauxite (A/S ratio , Al₂O₃ ) (USD/t)",USD,t,https://www.metal.com/Aluminum?currency_type=2,True,Pending,NO,YES
Alumina & Bauxite,,"Guiyang Bauxite (A/S ratio 6, Al₂O₃ 60%)",SMM-AL-BA-015,"Guiyang Bauxite (A/S ratio 6, Al₂O₃ 60%) (USD/t)",USD,t,https://www.metal.com/Aluminum?currency_type=2,True,Pending,NO,YES
Alumina & Bauxite,,Guizhou Aluminum Hydroxide,SMM-AL-AO-034,Guizhou Aluminum Hydroxide (USD/t),USD,t,https://www.metal.com/Aluminum?currency_type=2,True,Pending,NO,YES
Alumina & Bauxite,,Guizhou Bauxite,SMM-AL-BA-005,Guizhou Bauxite (USD/t),USD,t,https://www.metal.com/Aluminum?currency_type=2,True,Pending,NO,YES
Alumina & Bauxite,,"Guizhou Bauxite (A/S ratio , Al₂O₃ )",,"Guizhou Bauxite (A/S ratio , Al₂O₃ ) (USD/t)",USD,t,https://www.metal.com/Aluminum?currency_type=2,True,Pending,NO,YES
Alumina & Bauxite,,"Guizhou Bauxite (A/S ratio 5.5, Al₂O₃ 58%)",SMM-AL-BA-014,"Guizhou Bauxite (A/S ratio 5.5, Al₂O₃ 58%) (USD/t)",USD,t,https://www.metal.com/Aluminum?currency_type=2,True,Pending,NO,YES
Alumina & Bauxite,,Henan Aluminum Hydroxide,SMM-AL-AO-032,Henan Aluminum Hydroxide (USD/t),USD,t,https://www.metal.com/Aluminum?currency_type=2,True,Pending,NO,YES
Alumina & Bauxite,,"Henan Bauxite (A/S ratio , Al₂O₃ )",,"Henan Bauxite (A/S ratio , Al₂O₃ ) (USD/t)",USD,t,https://www.metal.com/Aluminum?currency_type=2,True,Pending,NO,YES
Alumina & Bauxite,,"Henan Bauxite (A/S ratio 5, Al₂O₃ 60%)",SMM-AL-BA-011,"Henan Bauxite (A/S ratio 5, Al₂O₃ 60%) (USD/t)",USD,t,https://www.metal.com/Aluminum?currency_type=2,True,Pending,NO,YES
Alumina & Bauxite,,"Henan Bauxite (A/S ratio 6, Al₂O₃ 62%)",SMM-AL-BA-010,"Henan Bauxite (A/S ratio 6, Al₂O₃ 62%) (USD/t)",USD,t,https://www.metal.com/Aluminum?currency_type=2,True,Pending,NO,YES
Alumina & Bauxite,,High - Purity Alumina,,High - Purity Alumina (USD/t),USD,t,https://www.metal.com/Aluminum?currency_type=2,True,Pending,NO,YES
Alumina & Bauxite,,Indonesia Bauxite,SMM-AL-BA-008,Indonesia Bauxite (USD/t),USD,t,https://www.metal.com/Aluminum?currency_type=2,True,Pending,NO,YES
Alumina & Bauxite,,Malaysia Bauxite CIF China,SMM-AL-BA-016,Malaysia Bauxite CIF China (USD/t),USD,t,https://www.metal.com/Aluminum?currency_type=2,True,Pending,NO,YES
Alumina & Bauxite,,Malaysia Washed Bauxite CIF China,SMM-AL-BA-017,Malaysia Washed Bauxite CIF China (USD/t),USD,t,https://www.metal.com/Aluminum?currency_type=2,True,Pending,NO,YES
Alumina & Bauxite,,"N High-Purity Alumina (Al₂O₃≥, D=um and D=um)",,"N High-Purity Alumina (Al₂O₃≥, D=um and D=um) (USD/t)",USD,t,https://www.metal.com/Aluminum?currency_type=2,True,Pending,NO,YES
Alumina & Bauxite,,"N High-Purity Alumina (Al₂O₃≥, D=um)",,"N High-Purity Alumina (Al₂O₃≥, D=um) (USD/t)",USD,t,https://www.metal.com/Aluminum?currency_type=2,True,Pending,NO,YES
Alumina & Bauxite,,"N High-Purity Alumina (Al₂O₃≥, D=μm)",,"N High-Purity Alumina (Al₂O₃≥, D=μm) (USD/t)",USD,t,https://www.metal.com/Aluminum?currency_type=2,True,Pending,NO,YES
Alumina & Bauxite,,"N High-Purity Alumina (Al₂O₃≥, um≤D≤um)",,"N High-Purity Alumina (Al₂O₃≥, um≤D≤um) (USD/t)",USD,t,https://www.metal.com/Aluminum?currency_type=2,True,Pending,NO,YES
Alumina & Bauxite,,"N High-Purity Alumina (Al₂O₃≥, um＜D≤um)",,"N High-Purity Alumina (Al₂O₃≥, um＜D≤um) (USD/t)",USD,t,https://www.metal.com/Aluminum?currency_type=2,True,Pending,NO,YES
Alumina & Bauxite,,"NHigh-Purity Alumina (Al₂O₃≥, um＜D≤um)",,"NHigh-Purity Alumina (Al₂O₃≥, um＜D≤um) (USD/t)",USD,t,https://www.metal.com/Aluminum?currency_type=2,True,Pending,NO,YES
Alumina & Bauxite,,SMM Bayuquan Alumina (Al₂O₃≥),,SMM Bayuquan Alumina (Al₂O₃≥) (USD/t),USD,t,https://www.metal.com/Aluminum?currency_type=2,True,Pending,NO,YES
Alumina & Bauxite,,SMM Bayuquan Alumina (Al₂O₃≥98.5%),SMM-AL-AO-026,SMM Bayuquan Alumina (Al₂O₃≥98.5%) (USD/t),USD,t,https://www.metal.com/Aluminum?currency_type=2,True,Pending,NO,YES
Alumina & Bauxite,,SMM Guangxi Alumina (Al₂O₃≥),,SMM Guangxi Alumina (Al₂O₃≥) (USD/t),USD,t,https://www.metal.com/Aluminum?currency_type=2,True,Pending,NO,YES
Alumina & Bauxite,,SMM Guangxi Alumina (Al₂O₃≥98.5%),SMM-AL-AO-023,SMM Guangxi Alumina (Al₂O₃≥98.5%) (USD/t),USD,t,https://www.metal.com/Aluminum?currency_type=2,True,Pending,NO,YES
Alumina & Bauxite,,SMM Guizhou Alumina (Al₂O₃≥),,SMM Guizhou Alumina (Al₂O₃≥) (USD/t),USD,t,https://www.metal.com/Aluminum?currency_type=2,True,Pending,NO,YES
Alumina & Bauxite,,SMM Guizhou Alumina (Al₂O₃≥98.5%),SMM-AL-AO-024,SMM Guizhou Alumina (Al₂O₃≥98.5%) (USD/t),USD,t,https://www.metal.com/Aluminum?currency_type=2,True,Pending,NO,YES
Alumina & Bauxite,,SMM Henan Alumina (Al₂O₃≥),,SMM Henan Alumina (Al₂O₃≥) (USD/t),USD,t,https://www.metal.com/Aluminum?currency_type=2,True,Pending,NO,YES
Alumina & Bauxite,,SMM Henan Alumina (Al₂O₃≥98.5%),SMM-AL-AO-021,SMM Henan Alumina (Al₂O₃≥98.5%) (USD/t),USD,t,https://www.metal.com/Aluminum?currency_type=2,True,Pending,NO,YES
Alumina & Bauxite,,SMM Lianyungang Alumina (Al₂O₃≥),,SMM Lianyungang Alumina (Al₂O₃≥) (USD/t),USD,t,https://www.metal.com/Aluminum?currency_type=2,True,Pending,NO,YES
Alumina & Bauxite,,SMM Lianyungang Alumina (Al₂O₃≥98.5%),SMM-AL-AO-025,SMM Lianyungang Alumina (Al₂O₃≥98.5%) (USD/t),USD,t,https://www.metal.com/Aluminum?currency_type=2,True,Pending,NO,YES
Alumina & Bauxite,,SMM Shandong Alumina (Al₂O₃≥),,SMM Shandong Alumina (Al₂O₃≥) (USD/t),USD,t,https://www.metal.com/Aluminum?currency_type=2,True,Pending,NO,YES
Alumina & Bauxite,,SMM Shandong Alumina (Al₂O₃≥98.5%),SMM-AL-AO-020,SMM Shandong Alumina (Al₂O₃≥98.5%) (USD/t),USD,t,https://www.metal.com/Aluminum?currency_type=2,True,Pending,NO,YES
Alumina & Bauxite,,SMM Shanxi Alumina (Al₂O₃≥),,SMM Shanxi Alumina (Al₂O₃≥) (USD/t),USD,t,https://www.metal.com/Aluminum?currency_type=2,True,Pending,NO,YES
Alumina & Bauxite,,SMM Shanxi Alumina (Al₂O₃≥98.5%),SMM-AL-AO-022,SMM Shanxi Alumina (Al₂O₃≥98.5%) (USD/t),USD,t,https://www.metal.com/Aluminum?currency_type=2,True,Pending,NO,YES
Alumina & Bauxite,,Shandong Aluminum Hydroxide,SMM-AL-AO-030,Shandong Aluminum Hydroxide (USD/t),USD,t,https://www.metal.com/Aluminum?currency_type=2,True,Pending,NO,YES
Alumina & Bauxite,,Shanxi Aluminum Hydroxide,SMM-AL-AO-031,Shanxi Aluminum Hydroxide (USD/t),USD,t,https://www.metal.com/Aluminum?currency_type=2,True,Pending,NO,YES
Alumina & Bauxite,,Shanxi Bauxite,SMM-AL-BA-006,Shanxi Bauxite (USD/t),USD,t,https://www.metal.com/Aluminum?currency_type=2,True,Pending,NO,YES
Alumina & Bauxite,,"Shanxi Bauxite (A/S ratio , Al₂O₃ )",,"Shanxi Bauxite (A/S ratio , Al₂O₃ ) (USD/t)",USD,t,https://www.metal.com/Aluminum?currency_type=2,True,Pending,NO,YES
Alumina & Bauxite,,"Shanxi Bauxite (A/S ratio 5, Al₂O₃ 60%)",SMM-AL-BA-009,"Shanxi Bauxite (A/S ratio 5, Al₂O₃ 60%) (USD/t)",USD,t,https://www.metal.com/Aluminum?currency_type=2,True,Pending,NO,YES
Alumina & Bauxite,,The Republic of Ghana Bauxite CIF China,SMM-AL-BA-018,The Republic of Ghana Bauxite CIF China (USD/t),USD,t,https://www.metal.com/Aluminum?currency_type=2,True,Pending,NO,YES
Alumina & Bauxite,Index,SMM Alumina Index (Al₂O₃≥),,SMM Alumina Index (Al₂O₃≥) (USD/t),USD,t,https://www.metal.com/Aluminum?currency_type=2,True,Pending,NO,YES
Alumina & Bauxite,Index,SMM Alumina Index (Al₂O₃≥98.5%),SMM-AL-AO-001,SMM Alumina Index (Al₂O₃≥98.5%) (USD/t),USD,t,https://www.metal.com/Aluminum?currency_type=2,True,Pending,NO,YES
Alumina & Bauxite,Index,SMM Bauxite Index,SMM-AL-BA-001,SMM Bauxite Index (USD/t),USD,t,https://www.metal.com/Aluminum?currency_type=2,True,Pending,NO,YES
Alumina & Bauxite,Index,SMM Guangxi Alumina Index (Al₂O₃≥),,SMM Guangxi Alumina Index (Al₂O₃≥) (USD/t),USD,t,https://www.metal.com/Aluminum?currency_type=2,True,Pending,NO,YES
Alumina & Bauxite,Index,SMM Guangxi Alumina Index (Al₂O₃≥98.5%),SMM-AL-AO-019,SMM Guangxi Alumina Index (Al₂O₃≥98.5%) (USD/t),USD,t,https://www.metal.com/Aluminum?currency_type=2,True,Pending,NO,YES
Alumina & Bauxite,Index,SMM Guizhou Alumina Index (Al₂O₃≥),,SMM Guizhou Alumina Index (Al₂O₃≥) (USD/t),USD,t,https://www.metal.com/Aluminum?currency_type=2,True,Pending,NO,YES
Alumina & Bauxite,Index,SMM Guizhou Alumina Index (Al₂O₃≥98.5%),SMM-AL-AO-018,SMM Guizhou Alumina Index (Al₂O₃≥98.5%) (USD/t),USD,t,https://www.metal.com/Aluminum?currency_type=2,True,Pending,NO,YES
Alumina & Bauxite,Index,SMM Henan Alumina Index (Al₂O₃≥),,SMM Henan Alumina Index (Al₂O₃≥) (USD/t),USD,t,https://www.metal.com/Aluminum?currency_type=2,True,Pending,NO,YES
Alumina & Bauxite,Index,SMM Henan Alumina Index (Al₂O₃≥98.5%),SMM-AL-AO-016,SMM Henan Alumina Index (Al₂O₃≥98.5%) (USD/t),USD,t,https://www.metal.com/Aluminum?currency_type=2,True,Pending,NO,YES
Alumina & Bauxite,Index,SMM Shandong Alumina Index (Al₂O₃≥),,SMM Shandong Alumina Index (Al₂O₃≥) (USD/t),USD,t,https://www.metal.com/Aluminum?currency_type=2,True,Pending,NO,YES
Alumina & Bauxite,Index,SMM Shandong Alumina Index (Al₂O₃≥98.5%),SMM-AL-AO-015,SMM Shandong Alumina Index (Al₂O₃≥98.5%) (USD/t),USD,t,https://www.metal.com/Aluminum?currency_type=2,True,Pending,NO,YES
Alumina & Bauxite,Index,SMM Shanxi Alumina Index (Al₂O₃≥),,SMM Shanxi Alumina Index (Al₂O₃≥) (USD/t),USD,t,https://www.metal.com/Aluminum?currency_type=2,True,Pending,NO,YES
Alumina & Bauxite,Index,SMM Shanxi Alumina Index (Al₂O₃≥98.5%),SMM-AL-AO-017,SMM Shanxi Alumina Index (Al₂O₃≥98.5%) (USD/t),USD,t,https://www.metal.com/Aluminum?currency_type=2,True,Pending,NO,YES
Carbon Raw Materials,CPC,East China High Sulfur Ordinary Calcined Petroleum Coke,SMM-AL-CPC-006,East China High Sulfur Ordinary Calcined Petroleum Coke (USD/t),USD,t,https://www.metal.com/Aluminum?currency_type=2,True,Pending,NO,YES
Carbon Raw Materials,CPC,East China Medium-High Sulfur Low Vanadium Calcined Petroleum Coke,SMM-AL-CPC-001,East China Medium-High Sulfur Low Vanadium Calcined Petroleum Coke (USD/t),USD,t,https://www.metal.com/Aluminum?currency_type=2,True,Pending,NO,YES
Carbon Raw Materials,CPC,East China Medium-High Sulfur Ordinary Calcined Petroleum Coke,SMM-AL-CPC-005,East China Medium-High Sulfur Ordinary Calcined Petroleum Coke (USD/t),USD,t,https://www.metal.com/Aluminum?currency_type=2,True,Pending,NO,YES
Carbon Raw Materials,CPC,East China Medium-Sulfur Low Vanadium Calcined Petroleum Coke,SMM-AL-CPC-004,East China Medium-Sulfur Low Vanadium Calcined Petroleum Coke (USD/t),USD,t,https://www.metal.com/Aluminum?currency_type=2,True,Pending,NO,YES
Carbon Raw Materials,CPC,East China Medium-Sulfur Ordinary Calcined Petroleum Coke,SMM-AL-CPC-002,East China Medium-Sulfur Ordinary Calcined Petroleum Coke (USD/t),USD,t,https://www.metal.com/Aluminum?currency_type=2,True,Pending,NO,YES
Carbon Raw Materials,CPC,Northeast China Low-Sulfur Calcined Petroleum Coke,SMM-AL-CPC-003,Northeast China Low-Sulfur Calcined Petroleum Coke (USD/t),USD,t,https://www.metal.com/Aluminum?currency_type=2,True,Pending,NO,YES
Carbon Raw Materials,Index,Northeast China SMM # Petroleum Coke Spot price Index,,Northeast China SMM # Petroleum Coke Spot price Index (USD/t),USD,t,https://www.metal.com/Aluminum?currency_type=2,True,Pending,NO,YES
Carbon Raw Materials,Index,Northeast China SMM 1# Petroleum Coke Spot price Index,SMM-AL-PC-011,Northeast China SMM 1# Petroleum Coke Spot price Index (USD/t),USD,t,https://www.metal.com/Aluminum?currency_type=2,True,Pending,NO,YES
Carbon Raw Materials,Index,Northwest China SMM # Petroleum Coke Spot Price Index,,Northwest China SMM # Petroleum Coke Spot Price Index (USD/t),USD,t,https://www.metal.com/Aluminum?currency_type=2,True,Pending,NO,YES
Carbon Raw Materials,Index,Northwest China SMM 3# Petroleum Coke Spot Price Index,SMM-AL-PC-015,Northwest China SMM 3# Petroleum Coke Spot Price Index (USD/t),USD,t,https://www.metal.com/Aluminum?currency_type=2,True,Pending,NO,YES
Carbon Raw Materials,Index,Petroleum Coke Index,,Petroleum Coke Index (USD/t),USD,t,https://www.metal.com/Aluminum?currency_type=2,True,Pending,YES,YES
Carbon Raw Materials,Index,Shandong SMM # Petroleum Coke Spot price Index,,Shandong SMM # Petroleum Coke Spot price Index (USD/t),USD,t,https://www.metal.com/Aluminum?currency_type=2,True,Pending,NO,YES
Carbon Raw Materials,Index,Shandong SMM 2# Petroleum Coke Spot price Index,SMM-AL-PC-012,Shandong SMM 2# Petroleum Coke Spot price Index (USD/t),USD,t,https://www.metal.com/Aluminum?currency_type=2,True,Pending,NO,YES
Carbon Raw Materials,Index,Shandong SMM 3# Petroleum Coke Spot price Index,SMM-AL-PC-013,Shandong SMM 3# Petroleum Coke Spot price Index (USD/t),USD,t,https://www.metal.com/Aluminum?currency_type=2,True,Pending,NO,YES
Carbon Raw Materials,Index,Shandong SMM 4# Petroleum Coke Spot price Index,SMM-AL-PC-014,Shandong SMM 4# Petroleum Coke Spot price Index (USD/t),USD,t,https://www.metal.com/Aluminum?currency_type=2,True,Pending,NO,YES
Carbon Raw Materials,Pitch,Coal Tar Pitch,,Coal Tar Pitch (USD/t),USD,t,https://www.metal.com/Aluminum?currency_type=2,True,Pending,YES,YES
Carbon Raw Materials,Pitch,Coal tar pitch (Hebei),SMM-AL-ALM-009,Coal tar pitch (Hebei) (USD/t),USD,t,https://www.metal.com/Aluminum?currency_type=2,True,Pending,NO,YES
Carbon Raw Materials,Pitch,Coal tar pitch (Shandong),SMM-AL-ALM-010,Coal tar pitch (Shandong) (USD/t),USD,t,https://www.metal.com/Aluminum?currency_type=2,True,Pending,NO,YES
Carbon Raw Materials,Pitch,Coal tar pitch (Shanxi),SMM-AL-ALM-011,Coal tar pitch (Shanxi) (USD/t),USD,t,https://www.metal.com/Aluminum?currency_type=2,True,Pending,NO,YES
Carbon Products,Anode,Central China Prebaked Anode,SMM-AL-PA-002,Central China Prebaked Anode (USD/t),USD,t,https://www.metal.com/Aluminum?currency_type=2,True,Pending,NO,YES
Carbon Products,Anode,East China Prebaked Anode,SMM-AL-PA-001,East China Prebaked Anode (USD/t),USD,t,https://www.metal.com/Aluminum?currency_type=2,True,Pending,NO,YES
Carbon Products,Anode,Northwest China Prebaked Anode,SMM-AL-PA-004,Northwest China Prebaked Anode (USD/t),USD,t,https://www.metal.com/Aluminum?currency_type=2,True,Pending,NO,YES
Carbon Products,Anode,Prebaked Anode,,Prebaked Anode (USD/t),USD,t,https://www.metal.com/Aluminum?currency_type=2,True,Pending,YES,YES
Carbon Products,Anode,Prebaked Anode for High-Purity Aluminum FOB China,SMM-AL-PA-005,Prebaked Anode for High-Purity Aluminum FOB China (USD/t),USD,t,https://www.metal.com/Aluminum?currency_type=2,True,Pending,NO,YES
Carbon Products,Anode,Prebaked Anode for High-end Aluminum FOB China,SMM-AL-PA-006,Prebaked Anode for High-end Aluminum FOB China (USD/t),USD,t,https://www.metal.com/Aluminum?currency_type=2,True,Pending,NO,YES
Carbon Products,Anode,Southwest China Prebaked Anode,SMM-AL-PA-003,Southwest China Prebaked Anode (USD/t),USD,t,https://www.metal.com/Aluminum?currency_type=2,True,Pending,NO,YES
Alloy,Alloy,5182 Aluminum Alloy Sheets and Strips Used for Motor,SMM-AL-AP-016,5182 Aluminum Alloy Sheets and Strips Used for Motor (USD/t),USD,t,https://www.metal.com/Aluminum?currency_type=2,True,Pending,NO,YES
Alloy,Alloy,5754 Aluminum Alloy Sheets and Strips Used for Motor,SMM-AL-AP-017,5754 Aluminum Alloy Sheets and Strips Used for Motor (USD/t),USD,t,https://www.metal.com/Aluminum?currency_type=2,True,Pending,NO,YES
Alloy,Alloy,6061 Aluminum Alloy Sheets and Strips Used for Motor,SMM-AL-AP-018,6061 Aluminum Alloy Sheets and Strips Used for Motor (USD/t),USD,t,https://www.metal.com/Aluminum?currency_type=2,True,Pending,NO,YES
Alloy,Alloy,"Al-Ti-B Wires A, Aluminum Based Master Alloy",SMM-AL-BY-001,"Al-Ti-B Wires A, Aluminum Based Master Alloy (USD/t)",USD,t,https://www.metal.com/Aluminum?currency_type=2,True,Pending,NO,YES
Alloy,Alloy,"Al-Ti-B Wires B, Aluminum Based Master Alloy",SMM-AL-BY-002,"Al-Ti-B Wires B, Aluminum Based Master Alloy (USD/t)",USD,t,https://www.metal.com/Aluminum?currency_type=2,True,Pending,NO,YES
Alloy,Alloy,"Al-Ti-B Wires C, Aluminum Based Master Alloy",SMM-AL-BY-003,"Al-Ti-B Wires C, Aluminum Based Master Alloy (USD/t)",USD,t,https://www.metal.com/Aluminum?currency_type=2,True,Pending,NO,YES
Alloy,Alloy,Aluminum Alloy Sheets and Strips Used for Motor,,Aluminum Alloy Sheets and Strips Used for Motor (USD/t),USD,t,https://www.metal.com/Aluminum?currency_type=2,True,Pending,NO,YES
Alloy,Alloy,Aluminum Based Master Alloy,,Aluminum Based Master Alloy (USD/t),USD,t,https://www.metal.com/Aluminum?currency_type=2,True,Pending,NO,YES
Alloy,Alloy,Aluminum Based Master Alloy AlSi,,Aluminum Based Master Alloy AlSi (USD/t),USD,t,https://www.metal.com/Aluminum?currency_type=2,True,Pending,NO,YES
Alloy,Alloy,Aluminum Based Master Alloy AlSi12,SMM-AL-BY-005,Aluminum Based Master Alloy AlSi12 (USD/t),USD,t,https://www.metal.com/Aluminum?currency_type=2,True,Pending,NO,YES
Alloy,Alloy,Aluminum Based Master Alloy AlSi20,SMM-AL-BY-006,Aluminum Based Master Alloy AlSi20 (USD/t),USD,t,https://www.metal.com/Aluminum?currency_type=2,True,Pending,NO,YES
Alloy,Alloy,Aluminum Based Master Alloy AlSi50,SMM-AL-BY-007,Aluminum Based Master Alloy AlSi50 (USD/t),USD,t,https://www.metal.com/Aluminum?currency_type=2,True,Pending,NO,YES
Alloy,Alloy,Aluminum Strontium Alloy AlSr,,Aluminum Strontium Alloy AlSr (USD/t),USD,t,https://www.metal.com/Aluminum?currency_type=2,True,Pending,NO,YES
Alloy,Alloy,Aluminum Strontium Alloy AlSr10,SMM-AL-BY-004,Aluminum Strontium Alloy AlSr10 (USD/t),USD,t,https://www.metal.com/Aluminum?currency_type=2,True,Pending,NO,YES
Processing Products,Billet,Aluminum Billet,,Aluminum Billet (USD/t),USD,t,https://www.metal.com/Aluminum?currency_type=2,True,Pending,NO,YES
Processing Products,Billet,Fe 0.2-0.25% Foshan Remelting Al Billet,SMM-AL-RB-001,Fe 0.2-0.25% Foshan Remelting Al Billet (USD/t),USD,t,https://www.metal.com/Aluminum?currency_type=2,True,Pending,NO,YES
Processing Products,Billet,Fe 0.2-0.25% Hubei Remelting Al Billet,SMM-AL-RB-016,Fe 0.2-0.25% Hubei Remelting Al Billet (USD/t),USD,t,https://www.metal.com/Aluminum?currency_type=2,True,Pending,NO,YES
Processing Products,Billet,Fe 0.2-0.25% Linyi Remelting Al Billet,SMM-AL-RB-010,Fe 0.2-0.25% Linyi Remelting Al Billet (USD/t),USD,t,https://www.metal.com/Aluminum?currency_type=2,True,Pending,NO,YES
Processing Products,Billet,Fe 0.2-0.25% Nanchang Remelting Al Billet,SMM-AL-RB-007,Fe 0.2-0.25% Nanchang Remelting Al Billet (USD/t),USD,t,https://www.metal.com/Aluminum?currency_type=2,True,Pending,NO,YES
Processing Products,Billet,Fe 0.2-0.25% Wuxi Remelting Al Billet,SMM-AL-RB-004,Fe 0.2-0.25% Wuxi Remelting Al Billet (USD/t),USD,t,https://www.metal.com/Aluminum?currency_type=2,True,Pending,NO,YES
Processing Products,Billet,Fe 0.2-0.25% Xuchang Remelting Al Billet,SMM-AL-RB-013,Fe 0.2-0.25% Xuchang Remelting Al Billet (USD/t),USD,t,https://www.metal.com/Aluminum?currency_type=2,True,Pending,NO,YES
Processing Products,Billet,Fe 0.25-0.35% Foshan Remelting Al Billet,SMM-AL-RB-002,Fe 0.25-0.35% Foshan Remelting Al Billet (USD/t),USD,t,https://www.metal.com/Aluminum?currency_type=2,True,Pending,NO,YES
Processing Products,Billet,Fe 0.25-0.35% Hubei Remelting Al Billet,SMM-AL-RB-017,Fe 0.25-0.35% Hubei Remelting Al Billet (USD/t),USD,t,https://www.metal.com/Aluminum?currency_type=2,True,Pending,NO,YES
Processing Products,Billet,Fe 0.25-0.35% Linyi Remelting Al Billet,SMM-AL-RB-011,Fe 0.25-0.35% Linyi Remelting Al Billet (USD/t),USD,t,https://www.metal.com/Aluminum?currency_type=2,True,Pending,NO,YES
Processing Products,Billet,Fe 0.25-0.35% Nanchang Remelting Al Billet,SMM-AL-RB-008,Fe 0.25-0.35% Nanchang Remelting Al Billet (USD/t),USD,t,https://www.metal.com/Aluminum?currency_type=2,True,Pending,NO,YES
Processing Products,Billet,Fe 0.25-0.35% Wuxi Remelting Al Billet,SMM-AL-RB-005,Fe 0.25-0.35% Wuxi Remelting Al Billet (USD/t),USD,t,https://www.metal.com/Aluminum?currency_type=2,True,Pending,NO,YES
Processing Products,Billet,Fe 0.25-0.35% Xuchang Remelting Al Billet,SMM-AL-RB-014,Fe 0.25-0.35% Xuchang Remelting Al Billet (USD/t),USD,t,https://www.metal.com/Aluminum?currency_type=2,True,Pending,NO,YES
Processing Products,Billet,Fe 0.35-0.5% Foshan Remelting Al Billet,SMM-AL-RB-003,Fe 0.35-0.5% Foshan Remelting Al Billet (USD/t),USD,t,https://www.metal.com/Aluminum?currency_type=2,True,Pending,NO,YES
Processing Products,Billet,Fe 0.35-0.5% Hubei Remelting Al Billet,SMM-AL-RB-018,Fe 0.35-0.5% Hubei Remelting Al Billet (USD/t),USD,t,https://www.metal.com/Aluminum?currency_type=2,True,Pending,NO,YES
Processing Products,Billet,Fe 0.35-0.5% Linyi Remelting Al Billet,SMM-AL-RB-012,Fe 0.35-0.5% Linyi Remelting Al Billet (USD/t),USD,t,https://www.metal.com/Aluminum?currency_type=2,True,Pending,NO,YES
Processing Products,Billet,Fe 0.35-0.5% Nanchang Remelting Al Billet,SMM-AL-RB-009,Fe 0.35-0.5% Nanchang Remelting Al Billet (USD/t),USD,t,https://www.metal.com/Aluminum?currency_type=2,True,Pending,NO,YES
Processing Products,Billet,Fe 0.35-0.5% Wuxi Remelting Al Billet,SMM-AL-RB-006,Fe 0.35-0.5% Wuxi Remelting Al Billet (USD/t),USD,t,https://www.metal.com/Aluminum?currency_type=2,True,Pending,NO,YES
Processing Products,Billet,Fe 0.35-0.5% Xuchang Remelting Al Billet,SMM-AL-RB-015,Fe 0.35-0.5% Xuchang Remelting Al Billet (USD/t),USD,t,https://www.metal.com/Aluminum?currency_type=2,True,Pending,NO,YES
Processing Products,Billet,Fe Foshan Remelting Al Billet,,Fe Foshan Remelting Al Billet (USD/t),USD,t,https://www.metal.com/Aluminum?currency_type=2,True,Pending,NO,YES
Processing Products,Billet,Fe Hubei Remelting Al Billet,,Fe Hubei Remelting Al Billet (USD/t),USD,t,https://www.metal.com/Aluminum?currency_type=2,True,Pending,NO,YES
Processing Products,Billet,Fe Linyi Remelting Al Billet,,Fe Linyi Remelting Al Billet (USD/t),USD,t,https://www.metal.com/Aluminum?currency_type=2,True,Pending,NO,YES
Processing Products,Billet,Fe Nanchang Remelting Al Billet,,Fe Nanchang Remelting Al Billet (USD/t),USD,t,https://www.metal.com/Aluminum?currency_type=2,True,Pending,NO,YES
Processing Products,Billet,Fe Wuxi Remelting Al Billet,,Fe Wuxi Remelting Al Billet (USD/t),USD,t,https://www.metal.com/Aluminum?currency_type=2,True,Pending,NO,YES
Processing Products,Billet,Fe Xuchang Remelting Al Billet,,Fe Xuchang Remelting Al Billet (USD/t),USD,t,https://www.metal.com/Aluminum?currency_type=2,True,Pending,NO,YES
Processing Products,Billet,Foshan Aluminum Extrusions Billet,SMM-AL-EX-003,Foshan Aluminum Extrusions Billet (USD/t),USD,t,https://www.metal.com/Aluminum?currency_type=2,True,Pending,NO,YES
Processing Products,Billet,Low Carbon φ120 Aluminum Billet,SMM-AL-ALM-002,Low Carbon φ120 Aluminum Billet (USD/t),USD,t,https://www.metal.com/Aluminum?currency_type=2,True,Pending,NO,YES
Processing Products,Billet,Low Carbon φ178 Aluminum Billet,SMM-AL-ALM-007,Low Carbon φ178 Aluminum Billet (USD/t),USD,t,https://www.metal.com/Aluminum?currency_type=2,True,Pending,NO,YES
Processing Products,Billet,Low Carbon φ90 Aluminum Billet,SMM-AL-ALM-003,Low Carbon φ90 Aluminum Billet (USD/t),USD,t,https://www.metal.com/Aluminum?currency_type=2,True,Pending,NO,YES
Processing Products,Billet,Low Carbon φAluminum Billet,,Low Carbon φAluminum Billet (USD/t),USD,t,https://www.metal.com/Aluminum?currency_type=2,True,Pending,NO,YES
Processing Products,Billet,Nanchang Aluminum Extrusions Billet,SMM-AL-EX-005,Nanchang Aluminum Extrusions Billet (USD/t),USD,t,https://www.metal.com/Aluminum?currency_type=2,True,Pending,NO,YES
Processing Products,Billet,Remelting Billet,,Remelting Billet (USD/t),USD,t,https://www.metal.com/Aluminum?currency_type=2,True,Pending,NO,YES
Processing Products,Billet,Shandong Aluminum Extrusions Billet,SMM-AL-EX-004,Shandong Aluminum Extrusions Billet (USD/t),USD,t,https://www.metal.com/Aluminum?currency_type=2,True,Pending,NO,YES
Processing Products,Coil,Aluminum Cast - rolled Coil,,Aluminum Cast - rolled Coil (USD/t),USD,t,https://www.metal.com/Aluminum?currency_type=2,True,Pending,NO,YES
Processing Products,Extrusion,Aluminum Extrusions,,Aluminum Extrusions (USD/t),USD,t,https://www.metal.com/Aluminum?currency_type=2,True,Pending,NO,YES
Processing Products,Extrusion,Aluminum Extrusions formwork,SMM-AL-EX-018,Aluminum Extrusions formwork (USD/t),USD,t,https://www.metal.com/Aluminum?currency_type=2,True,Pending,NO,YES
Processing Products,Extrusion,Aluminum Extrusions formwork (Lease),SMM-AL-EX-019,Aluminum Extrusions formwork (Lease) (USD/t),USD,t,https://www.metal.com/Aluminum?currency_type=2,True,Pending,NO,YES
Processing Products,Extrusion,Foshan Anodized Aluminum Extrusions,SMM-AL-EX-015,Foshan Anodized Aluminum Extrusions (USD/t),USD,t,https://www.metal.com/Aluminum?currency_type=2,True,Pending,NO,YES
Processing Products,Extrusion,Foshan Surface Electrophoresis Aluminum Extrusions,SMM-AL-EX-009,Foshan Surface Electrophoresis Aluminum Extrusions (USD/t),USD,t,https://www.metal.com/Aluminum?currency_type=2,True,Pending,NO,YES
Processing Products,Extrusion,Foshan Surface Sprayed Aluminum Extrusions,SMM-AL-EX-006,Foshan Surface Sprayed Aluminum Extrusions (USD/t),USD,t,https://www.metal.com/Aluminum?currency_type=2,True,Pending,NO,YES
Processing Products,Extrusion,Foshan Thermal Break Aluminum Extrusions,SMM-AL-EX-012,Foshan Thermal Break Aluminum Extrusions (USD/t),USD,t,https://www.metal.com/Aluminum?currency_type=2,True,Pending,NO,YES
Processing Products,Extrusion,Jiangxi Anodized Aluminum Extrusions,SMM-AL-EX-017,Jiangxi Anodized Aluminum Extrusions (USD/t),USD,t,https://www.metal.com/Aluminum?currency_type=2,True,Pending,NO,YES
Processing Products,Extrusion,Nanchang Surface Electrophoresis Aluminum Extrusions,SMM-AL-EX-011,Nanchang Surface Electrophoresis Aluminum Extrusions (USD/t),USD,t,https://www.metal.com/Aluminum?currency_type=2,True,Pending,NO,YES
Processing Products,Extrusion,Nanchang Surface Sprayed Aluminum Extrusions,SMM-AL-EX-008,Nanchang Surface Sprayed Aluminum Extrusions (USD/t),USD,t,https://www.metal.com/Aluminum?currency_type=2,True,Pending,NO,YES
Processing Products,Extrusion,Nanchang Thermal Break Aluminum Extrusions,SMM-AL-EX-014,Nanchang Thermal Break Aluminum Extrusions (USD/t),USD,t,https://www.metal.com/Aluminum?currency_type=2,True,Pending,NO,YES
Processing Products,Extrusion,Shandong Anodized Aluminum Extrusions,SMM-AL-EX-016,Shandong Anodized Aluminum Extrusions (USD/t),USD,t,https://www.metal.com/Aluminum?currency_type=2,True,Pending,NO,YES
Processing Products,Extrusion,Shandong Surface Electrophoresis Aluminum Extrusions,SMM-AL-EX-010,Shandong Surface Electrophoresis Aluminum Extrusions (USD/t),USD,t,https://www.metal.com/Aluminum?currency_type=2,True,Pending,NO,YES
Processing Products,Extrusion,Shandong Surface Sprayed Aluminum Extrusions,SMM-AL-EX-007,Shandong Surface Sprayed Aluminum Extrusions (USD/t),USD,t,https://www.metal.com/Aluminum?currency_type=2,True,Pending,NO,YES
Processing Products,Extrusion,Shandong Thermal Break Aluminum Extrusions,SMM-AL-EX-013,Shandong Thermal Break Aluminum Extrusions (USD/t),USD,t,https://www.metal.com/Aluminum?currency_type=2,True,Pending,NO,YES
Processing Products,Flat Products,-series Secondary Aluminum Plate/Sheet and Strip,,-series Secondary Aluminum Plate/Sheet and Strip (USD/t),USD,t,https://www.metal.com/Aluminum?currency_type=2,True,Pending,NO,YES
Processing Products,Flat Products,1-series Secondary Aluminum Plate/Sheet and Strip,SMM-AL-AP-020,1-series Secondary Aluminum Plate/Sheet and Strip (USD/t),USD,t,https://www.metal.com/Aluminum?currency_type=2,True,Pending,NO,YES
Processing Products,Flat Products,3-series Secondary Aluminum Plate/Sheet and Strip,SMM-AL-AP-021,3-series Secondary Aluminum Plate/Sheet and Strip (USD/t),USD,t,https://www.metal.com/Aluminum?currency_type=2,True,Pending,NO,YES
Processing Products,Flat Products,3003 Aluminum Plate/Sheet and Strip for Battery Case,SMM-AL-AP-019,3003 Aluminum Plate/Sheet and Strip for Battery Case (USD/t),USD,t,https://www.metal.com/Aluminum?currency_type=2,True,Pending,NO,YES
Processing Products,Flat Products,5-series Secondary Aluminum Plate/Sheet and Strip,SMM-AL-AP-022,5-series Secondary Aluminum Plate/Sheet and Strip (USD/t),USD,t,https://www.metal.com/Aluminum?currency_type=2,True,Pending,NO,YES
Processing Products,Flat Products,6-series Secondary Aluminum Plate/Sheet and Strip,SMM-AL-AP-023,6-series Secondary Aluminum Plate/Sheet and Strip (USD/t),USD,t,https://www.metal.com/Aluminum?currency_type=2,True,Pending,NO,YES
Processing Products,Flat Products,Aluminum Plate / Sheet and Strip,,Aluminum Plate / Sheet and Strip (USD/t),USD,t,https://www.metal.com/Aluminum?currency_type=2,True,Pending,NO,YES
Processing Products,Flat Products,Aluminum Plate/Sheet and Strip for Battery Case,,Aluminum Plate/Sheet and Strip for Battery Case (USD/t),USD,t,https://www.metal.com/Aluminum?currency_type=2,True,Pending,NO,YES
Processing Products,Flat Products,Henan /Presensitized Plate Substrate,,Henan /Presensitized Plate Substrate (USD/t),USD,t,https://www.metal.com/Aluminum?currency_type=2,True,Pending,NO,YES
Processing Products,Flat Products,Henan 1050/1060 Presensitized Plate Substrate,SMM-AL-AP-036,Henan 1050/1060 Presensitized Plate Substrate (USD/t),USD,t,https://www.metal.com/Aluminum?currency_type=2,True,Pending,NO,YES
Processing Products,Flat Products,Henan 1100 Decorative Plate,SMM-AL-AP-039,Henan 1100 Decorative Plate (USD/t),USD,t,https://www.metal.com/Aluminum?currency_type=2,True,Pending,NO,YES
Processing Products,Flat Products,Henan 3003 Oil Tank Plate,SMM-AL-AP-042,Henan 3003 Oil Tank Plate (USD/t),USD,t,https://www.metal.com/Aluminum?currency_type=2,True,Pending,NO,YES
Processing Products,Flat Products,Henan Decorative Plate,,Henan Decorative Plate (USD/t),USD,t,https://www.metal.com/Aluminum?currency_type=2,True,Pending,NO,YES
Processing Products,Flat Products,Henan Oil Tank Plate,,Henan Oil Tank Plate (USD/t),USD,t,https://www.metal.com/Aluminum?currency_type=2,True,Pending,NO,YES
Processing Products,Flat Products,Neimenggu /Presensitized Plate Substrate,,Neimenggu /Presensitized Plate Substrate (USD/t),USD,t,https://www.metal.com/Aluminum?currency_type=2,True,Pending,NO,YES
Processing Products,Flat Products,Neimenggu 1050/1060 Presensitized Plate Substrate,SMM-AL-AP-037,Neimenggu 1050/1060 Presensitized Plate Substrate (USD/t),USD,t,https://www.metal.com/Aluminum?currency_type=2,True,Pending,NO,YES
Processing Products,Flat Products,Neimenggu 1100 Decorative Plate,SMM-AL-AP-040,Neimenggu 1100 Decorative Plate (USD/t),USD,t,https://www.metal.com/Aluminum?currency_type=2,True,Pending,NO,YES
Processing Products,Flat Products,Neimenggu 3003 Oil Tank Plate,SMM-AL-AP-043,Neimenggu 3003 Oil Tank Plate (USD/t),USD,t,https://www.metal.com/Aluminum?currency_type=2,True,Pending,NO,YES
Processing Products,Flat Products,Neimenggu Decorative Plate,,Neimenggu Decorative Plate (USD/t),USD,t,https://www.metal.com/Aluminum?currency_type=2,True,Pending,NO,YES
Processing Products,Flat Products,Neimenggu Oil Tank Plate,,Neimenggu Oil Tank Plate (USD/t),USD,t,https://www.metal.com/Aluminum?currency_type=2,True,Pending,NO,YES
Processing Products,Flat Products,Shandong /Presensitized Plate Substrate,,Shandong /Presensitized Plate Substrate (USD/t),USD,t,https://www.metal.com/Aluminum?currency_type=2,True,Pending,NO,YES
Processing Products,Flat Products,Shandong 1050/1060 Presensitized Plate Substrate,SMM-AL-AP-035,Shandong 1050/1060 Presensitized Plate Substrate (USD/t),USD,t,https://www.metal.com/Aluminum?currency_type=2,True,Pending,NO,YES
Processing Products,Flat Products,Shandong 1100 Decorative Plate,SMM-AL-AP-038,Shandong 1100 Decorative Plate (USD/t),USD,t,https://www.metal.com/Aluminum?currency_type=2,True,Pending,NO,YES
Processing Products,Flat Products,Shandong 3003 Oil Tank Plate,SMM-AL-AP-041,Shandong 3003 Oil Tank Plate (USD/t),USD,t,https://www.metal.com/Aluminum?currency_type=2,True,Pending,NO,YES
Processing Products,Flat Products,Shandong Decorative Plate,,Shandong Decorative Plate (USD/t),USD,t,https://www.metal.com/Aluminum?currency_type=2,True,Pending,NO,YES
Processing Products,Flat Products,Shandong Oil Tank Plate,,Shandong Oil Tank Plate (USD/t),USD,t,https://www.metal.com/Aluminum?currency_type=2,True,Pending,NO,YES
Processing Products,Foil,Aluminum Foil,,Aluminum Foil (USD/t),USD,t,https://www.metal.com/Aluminum?currency_type=2,True,Pending,NO,YES
Processing Products,Foil,Aluminum Foil Processing Fee,,Aluminum Foil Processing Fee (USD/t),USD,t,https://www.metal.com/Aluminum?currency_type=2,True,Pending,NO,YES
Processing Products,Foil,Carbon-Coated Lithium Battery Aluminum Foil (12μ),SMM-AL-LF-001,Carbon-Coated Lithium Battery Aluminum Foil (12μ) (USD/t),USD,t,https://www.metal.com/Aluminum?currency_type=2,True,Pending,NO,YES
Processing Products,Foil,Carbon-Coated Lithium Battery Aluminum Foil (13μ),SMM-AL-LF-002,Carbon-Coated Lithium Battery Aluminum Foil (13μ) (USD/t),USD,t,https://www.metal.com/Aluminum?currency_type=2,True,Pending,NO,YES
Processing Products,Foil,Carbon-Coated Lithium Battery Aluminum Foil (μ),,Carbon-Coated Lithium Battery Aluminum Foil (μ) (USD/t),USD,t,https://www.metal.com/Aluminum?currency_type=2,True,Pending,NO,YES
Processing Products,Foil,Lithium Battery Aluminum Foil (12μ),SMM-AL-AS-011,Lithium Battery Aluminum Foil (12μ) (USD/t),USD,t,https://www.metal.com/Aluminum?currency_type=2,True,Pending,NO,YES
Processing Products,Foil,Lithium Battery Aluminum Foil (13μ),SMM-AL-AS-012,Lithium Battery Aluminum Foil (13μ) (USD/t),USD,t,https://www.metal.com/Aluminum?currency_type=2,True,Pending,NO,YES
Processing Products,Foil,Lithium Battery Aluminum Foil (15μ),SMM-AL-AS-013,Lithium Battery Aluminum Foil (15μ) (USD/t),USD,t,https://www.metal.com/Aluminum?currency_type=2,True,Pending,NO,YES
Processing Products,Foil,Lithium Battery Aluminum Foil (μ),,Lithium Battery Aluminum Foil (μ) (USD/t),USD,t,https://www.metal.com/Aluminum?currency_type=2,True,Pending,NO,YES
Processing Products,Rod,Aluminum Rod,,Aluminum Rod (USD/t),USD,t,https://www.metal.com/Aluminum?currency_type=2,True,Pending,NO,YES
Processing Products,Rod,Low Carbon /Aluminum Rod (Guangdong),,Low Carbon /Aluminum Rod (Guangdong) (USD/t),USD,t,https://www.metal.com/Aluminum?currency_type=2,True,Pending,NO,YES
Processing Products,Rod,Low Carbon 1A60 Aluminum Rod (Guangdong),SMM-AL-ALM-004,Low Carbon 1A60 Aluminum Rod (Guangdong) (USD/t),USD,t,https://www.metal.com/Aluminum?currency_type=2,True,Pending,NO,YES
Processing Products,Rod,Low Carbon 6101/6201 Aluminum Rod (Guangdong),SMM-AL-ALM-005,Low Carbon 6101/6201 Aluminum Rod (Guangdong) (USD/t),USD,t,https://www.metal.com/Aluminum?currency_type=2,True,Pending,NO,YES
Processing Products,Rod,Low Carbon 8030 Aluminum Rod (Guangdong),SMM-AL-ALM-006,Low Carbon 8030 Aluminum Rod (Guangdong) (USD/t),USD,t,https://www.metal.com/Aluminum?currency_type=2,True,Pending,NO,YES
Processing Products,Rod,Low Carbon AAluminum Rod (Guangdong),,Low Carbon AAluminum Rod (Guangdong) (USD/t),USD,t,https://www.metal.com/Aluminum?currency_type=2,True,Pending,NO,YES
Processing Products,Rod,Low Carbon Aluminum Rod (Guangdong),,Low Carbon Aluminum Rod (Guangdong) (USD/t),USD,t,https://www.metal.com/Aluminum?currency_type=2,True,Pending,NO,YES
Scrap,,Aluminum Scrap quotations outside China,,Aluminum Scrap quotations outside China (USD/t),USD,t,https://www.metal.com/Aluminum?currency_type=2,True,Pending,NO,YES
Scrap,,Malaysia Scrap Mixed Aluminium Castings (Tense),SMM-AL-AS-009,Malaysia Scrap Mixed Aluminium Castings (Tense) (USD/t),USD,t,https://www.metal.com/Aluminum?currency_type=2,True,Pending,NO,YES
Scrap,,Ningbo Port Imported Twitch Scrap,SMM-AL-AS-002,Ningbo Port Imported Twitch Scrap (USD/t),USD,t,https://www.metal.com/Aluminum?currency_type=2,True,Pending,NO,YES
Scrap,,Scrap Mixed Aluminium Castings (Tense) FOB Malaysia,SMM-AL-AS-001,Scrap Mixed Aluminium Castings (Tense) FOB Malaysia (USD/t),USD,t,https://www.metal.com/Aluminum?currency_type=2,True,Pending,NO,YES
Scrap,,Tianjin Port Imported Twitch Scrap,SMM-AL-AS-003,Tianjin Port Imported Twitch Scrap (USD/t),USD,t,https://www.metal.com/Aluminum?currency_type=2,True,Pending,NO,YES
Other,,99.70% Deoxidized Aluminum Granules (Guangdong),SMM-AL-ALM-001,99.70% Deoxidized Aluminum Granules (Guangdong) (USD/t),USD,t,https://www.metal.com/Aluminum?currency_type=2,True,Pending,NO,YES
Other,,Aluminum Low-Carbon P1020A,SMM-AL-AL-013,Aluminum Low-Carbon P1020A (USD/t),USD,t,https://www.metal.com/Aluminum?currency_type=2,True,Pending,NO,YES
Other,,Aluminum Low-Carbon PA,,Aluminum Low-Carbon PA (USD/t),USD,t,https://www.metal.com/Aluminum?currency_type=2,True,Pending,NO,YES
Other,,Aluminum Powder,,Aluminum Powder (USD/t),USD,t,https://www.metal.com/Aluminum?currency_type=2,True,Pending,NO,YES
Other,,Aluminum Slab,,Aluminum Slab (USD/t),USD,t,https://www.metal.com/Aluminum?currency_type=2,True,Pending,NO,YES
Other,,Aluminum fluoride,SMM-AL-FS-001,Aluminum fluoride (USD/t),USD,t,https://www.metal.com/Aluminum?currency_type=2,True,Pending,NO,YES
Other,,Aluminum import arbitrage(AL),,Aluminum import arbitrage(AL) (USD/t),USD,t,https://www.metal.com/Aluminum?currency_type=2,True,Pending,NO,YES
Other,,Aluminum import arbitrage(AL) CNY/mt,,Aluminum import arbitrage(AL) CNY/mt (USD/t),USD,t,https://www.metal.com/Aluminum?currency_type=2,True,Pending,NO,YES
Other,,Aluminum import arbitrage(Spot),,Aluminum import arbitrage(Spot) (USD/t),USD,t,https://www.metal.com/Aluminum?currency_type=2,True,Pending,NO,YES
Other,,Aluminum import arbitrage(Spot) CNY/mt,,Aluminum import arbitrage(Spot) CNY/mt (USD/t),USD,t,https://www.metal.com/Aluminum?currency_type=2,True,Pending,NO,YES
Other,,Deoxidized Aluminum Granules (Guangdong),,Deoxidized Aluminum Granules (Guangdong) (USD/t),USD,t,https://www.metal.com/Aluminum?currency_type=2,True,Pending,NO,YES
Other,,LME Name Unit Open High Low Latest Change Vol. LMEselect Aluminum Month USD/mt,,LME Name Unit Open High Low Latest Change Vol. LMEselect Aluminum Month USD/mt (USD/t),USD,t,https://www.metal.com/Aluminum?currency_type=2,True,Pending,NO,YES
Other,,LMEselect Aluminum Month,,LMEselect Aluminum Month (USD/t),USD,t,https://www.metal.com/Aluminum?currency_type=2,True,Pending,NO,YES
Other,,LMEselect Aluminum Month USD/mt,,LMEselect Aluminum Month USD/mt (USD/t),USD,t,https://www.metal.com/Aluminum?currency_type=2,True,Pending,NO,YES
Other,,Name Unit Open High Low Latest Change Vol. LMEselect Aluminum Month USD/mt,,Name Unit Open High Low Latest Change Vol. LMEselect Aluminum Month USD/mt (USD/t),USD,t,https://www.metal.com/Aluminum?currency_type=2,True,Pending,NO,YES
Other,,SMM Aluminum Spot/LME M,,SMM Aluminum Spot/LME M (USD/t),USD,t,https://www.metal.com/Aluminum?currency_type=2,True,Pending,NO,YES
Other,,SMM Low - Carbon Aluminum,,SMM Low - Carbon Aluminum (USD/t),USD,t,https://www.metal.com/Aluminum?currency_type=2,True,Pending,NO,YES
Other,,Shanghai -series Brazing Aluminum Semis,,Shanghai -series Brazing Aluminum Semis (USD/t),USD,t,https://www.metal.com/Aluminum?currency_type=2,True,Pending,NO,YES
Other,,Shanghai 1-series Brazing Aluminum Semis,SMM-AL-AP-007,Shanghai 1-series Brazing Aluminum Semis (USD/t),USD,t,https://www.metal.com/Aluminum?currency_type=2,True,Pending,NO,YES
Other,,Shanghai 3-series Brazing Aluminum Semis,SMM-AL-AP-008,Shanghai 3-series Brazing Aluminum Semis (USD/t),USD,t,https://www.metal.com/Aluminum?currency_type=2,True,Pending,NO,YES
Other,,Shanghai 7-series Brazing Aluminum Semis,SMM-AL-AP-009,Shanghai 7-series Brazing Aluminum Semis (USD/t),USD,t,https://www.metal.com/Aluminum?currency_type=2,True,Pending,NO,YES
Other,,Shanghai Atomized Aluminum Powder,SMM-AL-PO-001,Shanghai Atomized Aluminum Powder (USD/t),USD,t,https://www.metal.com/Aluminum?currency_type=2,True,Pending,NO,YES
Other,,Xinjiang 99.99% High Purity Aluminum,SMM-AL-AP-001,Xinjiang 99.99% High Purity Aluminum (USD/t),USD,t,https://www.metal.com/Aluminum?currency_type=2,True,Pending,NO,YES
Other,,Xinjiang 99.996% High Purity Aluminum,SMM-AL-AP-002,Xinjiang 99.996% High Purity Aluminum (USD/t),USD,t,https://www.metal.com/Aluminum?currency_type=2,True,Pending,NO,YES
Other,,Xinjiang High Purity Aluminum,,Xinjiang High Purity Aluminum (USD/t),USD,t,https://www.metal.com/Aluminum?currency_type=2,True,Pending,NO,YES
Other,,Yunnan -series Aluminum Slab,,Yunnan -series Aluminum Slab (USD/t),USD,t,https://www.metal.com/Aluminum?currency_type=2,True,Pending,NO,YES
Other,,Yunnan 1-series Aluminum Slab,SMM-AL-AP-003,Yunnan 1-series Aluminum Slab (USD/t),USD,t,https://www.metal.com/Aluminum?currency_type=2,True,Pending,NO,YES
Other,,Yunnan 3-series Aluminum Slab,SMM-AL-AP-004,Yunnan 3-series Aluminum Slab (USD/t),USD,t,https://www.metal.com/Aluminum?currency_type=2,True,Pending,NO,YES
Other,,Yunnan 5-series Aluminum Slab,SMM-AL-AP-005,Yunnan 5-series Aluminum Slab (USD/t),USD,t,https://www.metal.com/Aluminum?currency_type=2,True,Pending,NO,YES
Other,,Yunnan 6-series Aluminum Slab,SMM-AL-AP-006,Yunnan 6-series Aluminum Slab (USD/t),USD,t,https://www.metal.com/Aluminum?currency_type=2,True,Pending,NO,YES
Other,Index,Index,,Index (USD/t),USD,t,https://www.metal.com/Aluminum?currency_type=2,True,Pending,NO,YES
Other,Index,Name Unit Index Change Date,,Name Unit Index Change Date (USD/t),USD,t,https://www.metal.com/Aluminum?currency_type=2,True,Pending,NO,YES
